{"sparsity_loss":2184.51953125,"dead_features":0,"_step":3800,"gradients/b_dec":{"values":[1,0,0,2,0,2,3,4,0,4,4,7,16,14,22,24,26,34,51,65,99,126,166,199,276,346,475,499,650,752,738,800,726,632,551,495,370,259,200,137,114,86,56,45,36,22,21,14,6,9,12,11,3,0,1,1,2,0,0,0,0,1,0,1],"bins":[-0.4921875,-0.476318359375,-0.46044921875,-0.444580078125,-0.4287109375,-0.412841796875,-0.39697265625,-0.381103515625,-0.365234375,-0.349365234375,-0.33349609375,-0.317626953125,-0.3017578125,-0.285888671875,-0.27001953125,-0.254150390625,-0.23828125,-0.222412109375,-0.20654296875,-0.190673828125,-0.1748046875,-0.158935546875,-0.14306640625,-0.127197265625,-0.111328125,-0.095458984375,-0.07958984375,-0.063720703125,-0.0478515625,-0.031982421875,-0.01611328125,-0.000244140625,0.015625,0.031494140625,0.04736328125,0.063232421875,0.0791015625,0.094970703125,0.11083984375,0.126708984375,0.142578125,0.158447265625,0.17431640625,0.190185546875,0.2060546875,0.221923828125,0.23779296875,0.253662109375,0.26953125,0.285400390625,0.30126953125,0.317138671875,0.3330078125,0.348876953125,0.36474609375,0.380615234375,0.396484375,0.412353515625,0.42822265625,0.444091796875,0.4599609375,0.475830078125,0.49169921875,0.507568359375,0.5234375],"_type":"histogram"},"gradients/W_enc":{"values":[1,6,8,14,33,33,51,87,130,160,250,379,647,854,1329,1865,2635,3748,5624,8782,12562,19434,30198,47403,74914,126074,196007,317431,543044,901626,1.756757e+06,4.836507e+06,3.3554432e+07,3.3554432e+07,1.0238998e+07,2.478252e+06,1.253692e+06,701612,439693,263713,164151,104808,64969,41052,27857,16705,10653,7130,4799,3199,2279,1773,978,678,398,249,168,113,86,61,36,26,9,7],"bins":[-2.09375,-2.0306396484375,-1.967529296875,-1.9044189453125,-1.84130859375,-1.7781982421875,-1.715087890625,-1.6519775390625,-1.5888671875,-1.5257568359375,-1.462646484375,-1.3995361328125,-1.33642578125,-1.2733154296875,-1.210205078125,-1.1470947265625,-1.083984375,-1.0208740234375,-0.957763671875,-0.8946533203125,-0.83154296875,-0.7684326171875,-0.705322265625,-0.6422119140625,-0.5791015625,-0.5159912109375,-0.452880859375,-0.3897705078125,-0.32666015625,-0.2635498046875,-0.200439453125,-0.1373291015625,-0.07421875,-0.0111083984375,0.052001953125,0.1151123046875,0.17822265625,0.2413330078125,0.304443359375,0.3675537109375,0.4306640625,0.4937744140625,0.556884765625,0.6199951171875,0.68310546875,0.7462158203125,0.809326171875,0.8724365234375,0.935546875,0.9986572265625,1.061767578125,1.1248779296875,1.18798828125,1.2510986328125,1.314208984375,1.3773193359375,1.4404296875,1.5035400390625,1.566650390625,1.6297607421875,1.69287109375,1.7559814453125,1.819091796875,1.8822021484375,1.9453125],"_type":"histogram"},"_wandb":{"runtime":434},"loss":5354.1171875,"lr":3.8010000000000004e-05,"_timestamp":1.7602382286414337e+09,"l1_coeff":0.8,"_runtime":434.17117824,"recon_loss":3606.501708984375,"gradients/W_dec":{"bins":[-4.375,-4.236328125,-4.09765625,-3.958984375,-3.8203125,-3.681640625,-3.54296875,-3.404296875,-3.265625,-3.126953125,-2.98828125,-2.849609375,-2.7109375,-2.572265625,-2.43359375,-2.294921875,-2.15625,-2.017578125,-1.87890625,-1.740234375,-1.6015625,-1.462890625,-1.32421875,-1.185546875,-1.046875,-0.908203125,-0.76953125,-0.630859375,-0.4921875,-0.353515625,-0.21484375,-0.076171875,0.0625,0.201171875,0.33984375,0.478515625,0.6171875,0.755859375,0.89453125,1.033203125,1.171875,1.310546875,1.44921875,1.587890625,1.7265625,1.865234375,2.00390625,2.142578125,2.28125,2.419921875,2.55859375,2.697265625,2.8359375,2.974609375,3.11328125,3.251953125,3.390625,3.529296875,3.66796875,3.806640625,3.9453125,4.083984375,4.22265625,4.361328125,4.5],"_type":"histogram","values":[1,0,0,1,2,3,2,2,8,8,2,16,12,24,19,31,46,65,86,99,138,182,242,302,442,665,1164,2091,5503,23544,283190,3.3554432e+07,399558,28939,5848,2042,1069,589,415,287,225,128,121,86,80,53,39,27,19,19,12,9,10,9,6,6,6,5,4,0,1,0,0,1]},"l0_sparsity":1585.88916015625,"gradients/b_enc":{"values":[1,1,2,2,3,7,9,19,30,159,9478,16088,3313,906,525,355,310,213,209,180,146,121,102,96,82,63,45,56,40,42,35,28,18,14,12,6,8,10,8,1,4,2,3,0,3,1,2,1,1,2,1,0,1,1,0,1,0,0,1,0,0,0,0,1],"bins":[-0.39453125,-0.35809326171875,-0.3216552734375,-0.28521728515625,-0.248779296875,-0.21234130859375,-0.1759033203125,-0.13946533203125,-0.10302734375,-0.06658935546875,-0.0301513671875,0.00628662109375,0.042724609375,0.07916259765625,0.1156005859375,0.15203857421875,0.1884765625,0.22491455078125,0.2613525390625,0.29779052734375,0.334228515625,0.37066650390625,0.4071044921875,0.44354248046875,0.47998046875,0.51641845703125,0.5528564453125,0.58929443359375,0.625732421875,0.66217041015625,0.6986083984375,0.73504638671875,0.771484375,0.80792236328125,0.8443603515625,0.88079833984375,0.917236328125,0.95367431640625,0.9901123046875,1.02655029296875,1.06298828125,1.09942626953125,1.1358642578125,1.17230224609375,1.208740234375,1.24517822265625,1.2816162109375,1.31805419921875,1.3544921875,1.39093017578125,1.4273681640625,1.46380615234375,1.500244140625,1.53668212890625,1.5731201171875,1.60955810546875,1.64599609375,1.68243408203125,1.7188720703125,1.75531005859375,1.791748046875,1.82818603515625,1.8646240234375,1.90106201171875,1.9375],"_type":"histogram"}}