{"gradients/b_dec":{"values":[1,1,1,2,2,2,1,4,4,1,4,5,6,15,8,17,15,19,33,36,44,51,71,78,157,162,211,348,421,583,678,837,962,929,858,765,587,371,262,176,127,85,51,47,32,26,22,21,22,11,9,7,5,6,3,3,5,2,0,2,0,0,1,1],"bins":[-0.7734375,-0.7503662109375,-0.727294921875,-0.7042236328125,-0.68115234375,-0.6580810546875,-0.635009765625,-0.6119384765625,-0.5888671875,-0.5657958984375,-0.542724609375,-0.5196533203125,-0.49658203125,-0.4735107421875,-0.450439453125,-0.4273681640625,-0.404296875,-0.3812255859375,-0.358154296875,-0.3350830078125,-0.31201171875,-0.2889404296875,-0.265869140625,-0.2427978515625,-0.2197265625,-0.1966552734375,-0.173583984375,-0.1505126953125,-0.12744140625,-0.1043701171875,-0.081298828125,-0.0582275390625,-0.03515625,-0.0120849609375,0.010986328125,0.0340576171875,0.05712890625,0.0802001953125,0.103271484375,0.1263427734375,0.1494140625,0.1724853515625,0.195556640625,0.2186279296875,0.24169921875,0.2647705078125,0.287841796875,0.3109130859375,0.333984375,0.3570556640625,0.380126953125,0.4031982421875,0.42626953125,0.4493408203125,0.472412109375,0.4954833984375,0.5185546875,0.5416259765625,0.564697265625,0.5877685546875,0.61083984375,0.6339111328125,0.656982421875,0.6800537109375,0.703125],"_type":"histogram"},"gradients/b_enc":{"values":[8,2,0,0,1,0,0,0,0,1,10,78,315,500,701,979,1376,1747,2224,2541,2671,2789,2606,2340,2049,1889,1635,1290,1024,817,651,520,372,311,251,230,162,105,97,73,68,52,45,40,25,15,29,15,14,7,13,8,11,6,6,8,7,7,7,5,4,3,5,3],"bins":[-0.07275390625,0.05240631103515625,0.1775665283203125,0.30272674560546875,0.427886962890625,0.5530471801757812,0.6782073974609375,0.8033676147460938,0.92852783203125,1.0536880493164062,1.1788482666015625,1.3040084838867188,1.429168701171875,1.5543289184570312,1.6794891357421875,1.8046493530273438,1.9298095703125,2.0549697875976562,2.1801300048828125,2.3052902221679688,2.430450439453125,2.5556106567382812,2.6807708740234375,2.8059310913085938,2.93109130859375,3.0562515258789062,3.1814117431640625,3.3065719604492188,3.431732177734375,3.5568923950195312,3.6820526123046875,3.8072128295898438,3.932373046875,4.057533264160156,4.1826934814453125,4.307853698730469,4.433013916015625,4.558174133300781,4.6833343505859375,4.808494567871094,4.93365478515625,5.058815002441406,5.1839752197265625,5.309135437011719,5.434295654296875,5.559455871582031,5.6846160888671875,5.809776306152344,5.9349365234375,6.060096740722656,6.1852569580078125,6.310417175292969,6.435577392578125,6.560737609863281,6.6858978271484375,6.811058044433594,6.93621826171875,7.061378479003906,7.1865386962890625,7.311698913574219,7.436859130859375,7.562019348144531,7.6871795654296875,7.812339782714844,7.9375],"_type":"histogram"},"loss":15223.05859375,"_wandb":{"runtime":741},"gradients/W_dec":{"values":[2,2,0,0,1,0,2,2,0,4,0,3,3,1,3,1,4,6,7,7,19,36,45,62,103,136,205,335,428,652,1162,1921,4106,12018,3.3554432e+07,18365,4881,2182,1152,663,401,283,192,119,70,61,26,29,19,13,9,10,5,2,4,0,0,2,2,0,0,0,0,1],"bins":[-14.5625,-14.142578125,-13.72265625,-13.302734375,-12.8828125,-12.462890625,-12.04296875,-11.623046875,-11.203125,-10.783203125,-10.36328125,-9.943359375,-9.5234375,-9.103515625,-8.68359375,-8.263671875,-7.84375,-7.423828125,-7.00390625,-6.583984375,-6.1640625,-5.744140625,-5.32421875,-4.904296875,-4.484375,-4.064453125,-3.64453125,-3.224609375,-2.8046875,-2.384765625,-1.96484375,-1.544921875,-1.125,-0.705078125,-0.28515625,0.134765625,0.5546875,0.974609375,1.39453125,1.814453125,2.234375,2.654296875,3.07421875,3.494140625,3.9140625,4.333984375,4.75390625,5.173828125,5.59375,6.013671875,6.43359375,6.853515625,7.2734375,7.693359375,8.11328125,8.533203125,8.953125,9.373046875,9.79296875,10.212890625,10.6328125,11.052734375,11.47265625,11.892578125,12.3125],"_type":"histogram"},"_timestamp":1.760244492688278e+09,"dead_features":0,"l0_sparsity":6414.33056640625,"lr":5e-05,"_step":6700,"l1_coeff":2,"_runtime":741.187005742,"recon_loss":6922.98876953125,"gradients/W_enc":{"bins":[-5.4375,-5.2685546875,-5.099609375,-4.9306640625,-4.76171875,-4.5927734375,-4.423828125,-4.2548828125,-4.0859375,-3.9169921875,-3.748046875,-3.5791015625,-3.41015625,-3.2412109375,-3.072265625,-2.9033203125,-2.734375,-2.5654296875,-2.396484375,-2.2275390625,-2.05859375,-1.8896484375,-1.720703125,-1.5517578125,-1.3828125,-1.2138671875,-1.044921875,-0.8759765625,-0.70703125,-0.5380859375,-0.369140625,-0.2001953125,-0.03125,0.1376953125,0.306640625,0.4755859375,0.64453125,0.8134765625,0.982421875,1.1513671875,1.3203125,1.4892578125,1.658203125,1.8271484375,1.99609375,2.1650390625,2.333984375,2.5029296875,2.671875,2.8408203125,3.009765625,3.1787109375,3.34765625,3.5166015625,3.685546875,3.8544921875,4.0234375,4.1923828125,4.361328125,4.5302734375,4.69921875,4.8681640625,5.037109375,5.2060546875,5.375],"_type":"histogram","values":[13,9,42,80,168,251,473,1015,1374,2181,2878,4483,5876,7963,10354,12233,17903,24303,33345,47196,67114,96849,158457,251263,481030,981159,1.99682e+06,4.39284e+06,1.0007859e+07,2.0666068e+07,3.3554432e+07,3.3554432e+07,3.3554432e+07,3.3554432e+07,2.666499e+07,1.2642219e+07,5.902249e+06,2.614866e+06,1.263033e+06,622678,356554,207890,125804,87481,59827,43797,31873,21672,17954,13697,10338,7606,5539,3626,2799,1635,1064,533,276,147,48,30,8,3]},"sparsity_loss":4150.03466796875}