{"stats/W_dec_norm":52.37944030761719,"losses/sparsity_loss":1018.4185791015625,"gradients/W_enc":{"bins":[-0.30708497762680054,-0.2954982817173004,-0.2839115858078003,-0.27232488989830017,-0.26073819398880005,-0.24915149807929993,-0.2375648021697998,-0.22597810626029968,-0.21439141035079956,-0.20280471444129944,-0.19121801853179932,-0.1796313226222992,-0.16804462671279907,-0.15645793080329895,-0.14487123489379883,-0.1332845389842987,-0.12169784307479858,-0.11011114716529846,-0.09852445125579834,-0.08693775534629822,-0.0753510594367981,-0.06376436352729797,-0.05217766761779785,-0.04059097170829773,-0.029004275798797607,-0.017417579889297485,-0.005830883979797363,0.005755811929702759,0.01734250783920288,0.028929203748703003,0.040515899658203125,0.05210259556770325,0.06368932127952576,0.07527601718902588,0.086862713098526,0.09844940900802612,0.11003610491752625,0.12162280082702637,0.1332094967365265,0.1447961926460266,0.15638288855552673,0.16796958446502686,0.17955628037452698,0.1911429762840271,0.20272967219352722,0.21431636810302734,0.22590306401252747,0.2374897599220276,0.2490764558315277,0.26066315174102783,0.27224984765052795,0.2838365435600281,0.2954232394695282,0.3070099353790283,0.31859663128852844,0.33018332719802856,0.3417700231075287,0.3533567190170288,0.36494341492652893,0.37653011083602905,0.3881168067455292,0.3997035026550293,0.4112901985645294,0.42287689447402954,0.43446359038352966],"_type":"histogram","values":[3,0,1,0,2,10,9,12,15,28,23,36,78,135,177,276,520,797,1424,2711,5998,14351,38890,116380,432734,4.050092e+06,2.92479392e+08,4.231491e+06,443669,120217,40304,15050,6325,2878,1625,879,561,320,214,164,85,61,51,50,27,36,26,19,10,9,6,6,8,6,3,5,3,3,2,0,0,2,2,1]},"_wandb":{"runtime":1387},"gradients/log_threshold":{"bins":[-0.4185021221637726,-0.41173866391181946,-0.40497520565986633,-0.3982117474079132,-0.3914482891559601,-0.38468483090400696,-0.37792137265205383,-0.3711579144001007,-0.3643944561481476,-0.35763099789619446,-0.35086753964424133,-0.3441040813922882,-0.3373406231403351,-0.33057716488838196,-0.32381370663642883,-0.3170502483844757,-0.3102867901325226,-0.30352333188056946,-0.29675987362861633,-0.2899964153766632,-0.2832329571247101,-0.27646949887275696,-0.26970604062080383,-0.2629425823688507,-0.2561791241168976,-0.24941568076610565,-0.24265222251415253,-0.2358887642621994,-0.22912530601024628,-0.22236184775829315,-0.21559838950634003,-0.2088349312543869,-0.20207147300243378,-0.19530801475048065,-0.18854455649852753,-0.1817810982465744,-0.17501763999462128,-0.16825418174266815,-0.16149072349071503,-0.1547272652387619,-0.14796382188796997,-0.14120036363601685,-0.13443690538406372,-0.1276734471321106,-0.12090998142957687,-0.11414652317762375,-0.10738306492567062,-0.1006196066737175,-0.09385615587234497,-0.08709269762039185,-0.08032923936843872,-0.0735657811164856,-0.06680232286453247,-0.060038864612579346,-0.05327540636062622,-0.046511948108673096,-0.03974848985671997,-0.032985031604766846,-0.02622157335281372,-0.019458116963505745,-0.01269465871155262,-0.005931200925260782,0.0008322568610310555,0.007595714647322893,0.01435917243361473],"_type":"histogram","values":[4,3,5,3,7,10,12,9,13,17,23,32,47,58,63,71,105,135,159,160,207,252,311,342,426,460,514,698,802,926,1112,1333,1350,1347,1229,1081,1065,971,931,908,831,692,559,430,371,316,275,230,213,196,197,205,213,201,236,228,233,200,271,310,377,6059,2721,3]},"losses/preact_loss":63.44732812499999,"losses/loss":1774.0418701171875,"stats/dead_features":44,"losses/recon_loss":895.859619140625,"gradients/b_dec":{"bins":[-0.2100173532962799,-0.20428280532360077,-0.19854825735092163,-0.1928137242794037,-0.18707917630672455,-0.1813446283340454,-0.17561008036136627,-0.16987553238868713,-0.1641409993171692,-0.15840645134449005,-0.1526719033718109,-0.14693735539913177,-0.14120280742645264,-0.1354682594537735,-0.12973372638225555,-0.12399917840957642,-0.11826463043689728,-0.11253008246421814,-0.1067955419421196,-0.10106099396944046,-0.09532645344734192,-0.08959190547466278,-0.08385735750198364,-0.0781228169798851,-0.07238826900720596,-0.06665372103452682,-0.060919180512428284,-0.055184632539749146,-0.049450088292360306,-0.043715544044971466,-0.03798099607229233,-0.03224645182490349,-0.02651190757751465,-0.02077736333012581,-0.01504281722009182,-0.009308272041380405,-0.003573726862668991,0.0021608183160424232,0.007895363494753838,0.013629908673465252,0.019364453852176666,0.025098998099565506,0.030833544209599495,0.036568090319633484,0.042302634567022324,0.04803717881441116,0.0537717267870903,0.05950627103447914,0.06524081528186798,0.07097536325454712,0.07670990377664566,0.0824444517493248,0.08817899227142334,0.09391354024410248,0.09964808821678162,0.10538262873888016,0.1111171767115593,0.11685172468423843,0.12258626520633698,0.1283208131790161,0.13405536115169525,0.1397899091243744,0.14552444219589233,0.15125899016857147,0.1569935381412506],"_type":"histogram","values":[2,1,0,1,1,0,1,1,1,0,1,1,0,0,0,0,0,2,1,4,3,1,2,4,10,15,34,59,126,222,310,414,513,742,823,903,973,847,803,690,553,424,287,177,97,73,33,30,9,7,3,4,2,1,0,0,0,2,0,1,0,0,1,1]},"hyperparams/l1_coeff":0.8,"hyperparams/lr":5e-05,"stats/l0_sparsity":360.76611328125,"_step":5900,"_runtime":1387.276134501,"gradients/b_enc":{"values":[4,0,1,2,1,1,2,4,6,8,12,9,13,18,24,32,32,49,56,83,170,576,2755,10305,12532,4233,997,291,152,91,66,46,35,32,24,19,14,13,4,6,12,4,3,4,6,5,4,1,2,2,1,0,2,1,0,0,0,1,0,0,0,1,0,1],"bins":[-0.036717306822538376,-0.0352083258330822,-0.033699341118335724,-0.03219036012887955,-0.03068137913942337,-0.029172398149967194,-0.027663415297865868,-0.02615443244576454,-0.024645451456308365,-0.023136470466852188,-0.021627487614750862,-0.020118504762649536,-0.01860952377319336,-0.017100542783737183,-0.015591559931635857,-0.014082578010857105,-0.012573596090078354,-0.011064614169299603,-0.009555632248520851,-0.0080466503277421,-0.006537668406963348,-0.005028686486184597,-0.0035197045654058456,-0.0020107226446270943,-0.0005017407238483429,0.0010072411969304085,0.00251622311770916,0.004025205038487911,0.005534186959266663,0.007043168880045414,0.008552150800824165,0.010061132721602917,0.01157011091709137,0.013079092837870121,0.014588074758648872,0.0160970576107502,0.017606038600206375,0.019115019589662552,0.020624002441763878,0.022132985293865204,0.02364196628332138,0.025150947272777557,0.026659930124878883,0.02816891297698021,0.029677893966436386,0.031186874955892563,0.03269585967063904,0.034204840660095215,0.03571382164955139,0.03722280263900757,0.038731783628463745,0.04024076834321022,0.0417497493326664,0.043258730322122574,0.04476771503686905,0.046276696026325226,0.0477856770157814,0.04929465800523758,0.050803638994693756,0.05231262370944023,0.05382160469889641,0.055330585688352585,0.05683957040309906,0.05834855139255524,0.059857532382011414],"_type":"histogram"},"_timestamp":1.7603117033565311e+09,"gradients/W_dec":{"values":[1,1,0,0,1,0,2,5,6,8,8,12,28,46,96,128,215,376,568,993,1642,2933,4975,8969,16709,33128,69029,157438,408386,1.275897e+06,5.333955e+06,3.07752e+07,1.50944864e+08,9.3070128e+07,1.5570057e+07,3.002686e+06,810592,280517,113859,51157,25227,12809,7174,3969,2375,1296,786,496,285,178,96,72,35,15,18,14,3,5,1,3,1,1,0,1],