{"_timestamp":1.7602094845107434e+09,"_step":100,"_wandb":{"runtime":8},"_runtime":8.302976028,"loss":11074.81640625,"recon_loss":7548.42578125,"sparsity_loss":3526.390625,"l0_sparsity":5668.79638671875}