{"stats/W_dec_norm":42.34913635253906,"stats/l0_sparsity":94.12060546875,"losses/preact_loss":81.0463640625,"gradients/W_enc":{"_type":"histogram","values":[2,3,2,7,6,3,8,4,3,4,16,27,27,30,19,48,90,174,333,792,1881,4284,8952,18645,38076,89213,357889,2.56826208e+08,4.4172912e+07,310585,86187,37928,18418,8995,4287,1962,890,411,200,141,87,67,72,57,49,25,44,33,24,19,7,9,11,7,2,4,4,3,2,7,3,1,3,2],"bins":[-0.5013167262077332,-0.4833758473396301,-0.4654349982738495,-0.44749414920806885,-0.4295532703399658,-0.4116123914718628,-0.39367154240608215,-0.3757306933403015,-0.3577898144721985,-0.33984893560409546,-0.3219080865383148,-0.3039672374725342,-0.28602635860443115,-0.2680854797363281,-0.2501446306705475,-0.23220376670360565,-0.21426290273666382,-0.19632203876972198,-0.17838117480278015,-0.16044031083583832,-0.14249944686889648,-0.12455858290195465,-0.10661771893501282,-0.08867685496807098,-0.07073599100112915,-0.05279512703418732,-0.03485426306724548,-0.01691339910030365,0.0010274648666381836,0.018968328833580017,0.03690919280052185,0.054850056767463684,0.07279086112976074,0.09073172509670258,0.10867258906364441,0.12661345303058624,0.14455431699752808,0.1624951809644699,0.18043604493141174,0.19837690889835358,0.2163177728652954,0.23425863683223724,0.2521995007991791,0.2701403498649597,0.28808122873306274,0.30602210760116577,0.3239629566669464,0.34190380573272705,0.3598446846008301,0.3777855634689331,0.39572641253471375,0.4136672616004944,0.4316081404685974,0.44954901933670044,0.4674898684024811,0.4854307174682617,0.5033715963363647,0.5213124752044678,0.5392533540725708,0.557194173336029,0.5751350522041321,0.5930759310722351,0.6110167503356934,0.6289576292037964,0.6468985080718994]},"losses/loss":1638.8798828125,"losses/recon_loss":906.230224609375,"_wandb":{"runtime":11687},"hyperparams/l1_coeff":0.8,"_runtime":11687.544072944,"_step":49900,"_timestamp":1.7603248166556363e+09,"gradients/b_dec":{"_type":"histogram","values":[1,0,0,1,2,0,0,1,1,0,0,0,0,0,0,0,1,0,1,0,0,0,0,1,0,0,0,0,3,3,4,3,6,25,33,62,110,186,300,443,728,926,1094,1256,1174,918,686,463,333,195,109,68,38,23,8,5,0,1,1,1,1,0,0,1],"bins":[-0.27698302268981934,-0.27063384652137756,-0.2642846703529358,-0.257935494184494,-0.25158628821372986,-0.24523712694644928,-0.2388879358768463,-0.23253875970840454,-0.22618958353996277,-0.2198403924703598,-0.21349121630191803,-0.20714204013347626,-0.20079286396503448,-0.19444367289543152,-0.18809449672698975,-0.18174532055854797,-0.1753961443901062,-0.16904695332050323,-0.16269777715206146,-0.1563486009836197,-0.14999940991401672,-0.14365023374557495,-0.13730105757713318,-0.1309518814086914,-0.12460269033908844,-0.11825351417064667,-0.1119043305516243,-0.10555515438318253,-0.09920597076416016,-0.09285679459571838,-0.08650761097669601,-0.08015843480825424,-0.07380925118923187,-0.0674600675702095,-0.06111089140176773,-0.05476171150803566,-0.04841253161430359,-0.04206334799528122,-0.03571416810154915,-0.029364988207817078,-0.023015808314085007,-0.016666628420352936,-0.01031744759529829,-0.003968267235904932,0.002380913123488426,0.008730093017220497,0.015079273842275143,0.021428454667329788,0.02777763456106186,0.03412681445479393,0.040475994348526,0.04682517424225807,0.05317435413599014,0.05952353775501251,0.06587271392345428,0.07222189754247665,0.07857108116149902,0.0849202573299408,0.09126944094896317,0.09761861711740494,0.10396780073642731,0.11031697690486908,0.11666616052389145,0.12301533669233322,0.1293645203113556]},"stats/dead_features":1718,"hyperparams/lr":5e-05,"gradients/W_dec":{"bins":[-0.5741642713546753,-0.5561668872833252,-0.5381694436073303,-0.5201720595359802,-0.5021746754646301,-0.48417726159095764,-0.46617984771728516,-0.44818246364593506,-0.4301850497722626,-0.4121876358985901,-0.39419025182724,-0.3761928379535675,-0.358195424079895,-0.3401980400085449,-0.32220062613487244,-0.30420324206352234,-0.28620582818984985,-0.26820841431617737,-0.25021103024482727,-0.23221361637115479,-0.2142162173986435,-0.1962188184261322,-0.17822140455245972,-0.16022400557994843,-0.14222660660743713,-0.12422920763492584,-0.10623180121183395,-0.08823439478874207,-0.07023699581623077,-0.052239593118429184,-0.034242190420627594,-0.016244787722826004,0.001752614974975586,0.019750017672777176,0.037747420370578766,0.055744823068380356,0.07374222576618195,0.09173962473869324,0.10973703116178513,0.12773443758487701,0.1457318365573883,0.1637292355298996,0.1817266345024109,0.19972404837608337,0.21772144734859467,0.23571884632110596,0.25371626019477844,0.27171364426612854,0.289711058139801,0.3077084720134735,0.3257058560848236,0.3437032699584961,0.3617006540298462,0.3796980679035187,0.39769548177719116,0.41569286584854126,0.43369027972221375,0.45168769359588623,0.46968507766723633,0.4876824915409088,0.5056799054145813,0.5236772894859314,0.5416746735572815,0.5596721172332764,0.5776695013046265],"_type":"histogram","values":[3,1,2,6,2,10,5,14,16,28,27,41,65,77,144,191,296,463,743,1179,1798,3067,5728,10481,21257,46290,110045,303095,1.031444e+06,4.562129e+06,2.5018742e+07,1.47927744e+08,1.00616752e+08,1.7782688e+07,3.339896e+06,792267,243370,91677,38925,18851,9158,4951,2770,1597,962,592,422,265,165,119,94,54,54,30,19,17,11,10,8,4,3,0,1,1]},"gradients/log_threshold":{"values":[2,0,0,0,0,1,4,0,5,0,1,4,4,1,4,4,7,1,10,7,10,15,17,16,17,9,25,26,20,33,33,46,38,49,77,72,92,106,127,142,161,202,263,343,391,521,618,770,1103,1355,1782,2421,3210,2724,1693,1243,1063,720,601,502,587,643,8772,55],"bins":[-5.697906494140625,-5.607048988342285,-5.5161919593811035,-5.425334453582764,-5.334476947784424,-5.243619441986084,-5.152762413024902,-5.0619049072265625,-4.971047401428223,-4.880189895629883,-4.789332866668701,-4.698475360870361,-4.6076178550720215,-4.516760349273682,-4.4259033203125,-4.33504581451416,-4.24418830871582,-4.153331279754639,-4.062473773956299,-3.971616268157959,-3.8807590007781982,-3.7899014949798584,-3.6990442276000977,-3.608186721801758,-3.517329454421997,-3.4264719486236572,-3.3356146812438965,-3.2447571754455566,-3.153899908065796,-3.063042402267456,-2.9721851348876953,-2.8813276290893555,-2.7904703617095947,-2.699612855911255,-2.608755588531494,-2.5178980827331543,-2.4270408153533936,-2.3361833095550537,-2.245326042175293,-2.154468536376953,-2.0636112689971924,-1.972753882408142,-1.8818964958190918,-1.7910391092300415,-1.7001817226409912,-1.609324336051941,-1.5184669494628906,-1.4276095628738403,-1.33675217628479,-1.2458947896957397,-1.1550374031066895,-1.0641801357269287,-0.9733226895332336,-0.8824653029441833,-0.7916079163551331,-0.7007505893707275,-0.6098932027816772,-0.519035816192627,-0.42817842960357666,-0.33732104301452637,-0.24646365642547607,-0.15560628473758698,-0.06474890559911728,0.026108473539352417,0.11696585267782211],"_type":"histogram"},"gradients/b_enc":{"_type":"histogram","values":[1,0,0,1,0,0,0,0,0,0,0,2,0,0,2,3,2,0,1,0,3,6,7,13,34,170,2083,26063,3523,364,167,79,56,41,30,21,15,10,5,6,9,5,4,5,7,3,1,4,2,6,2,4,1,1,0,0,0,2,0,0,2,1,0,1],