{"dead_features":29415,"lr":5e-05,"gradients/b_enc":{"values":[1,0,0,1,21,32251,197,118,57,36,12,17,11,11,8,2,2,6,0,0,3,4,0,0,1,1,0,0,0,1,0,1,0,0,2,1,1,1,0,0,0,0,0,0,0,0,0,0,0,0,0,0,0,0,0,0,0,0,0,0,0,0,0,1],"bins":[-0.224609375,-0.181549072265625,-0.13848876953125,-0.095428466796875,-0.0523681640625,-0.009307861328125,0.03375244140625,0.076812744140625,0.119873046875,0.162933349609375,0.20599365234375,0.249053955078125,0.2921142578125,0.335174560546875,0.37823486328125,0.421295166015625,0.46435546875,0.507415771484375,0.55047607421875,0.593536376953125,0.6365966796875,0.679656982421875,0.72271728515625,0.765777587890625,0.808837890625,0.851898193359375,0.89495849609375,0.938018798828125,0.9810791015625,1.024139404296875,1.06719970703125,1.110260009765625,1.1533203125,1.196380615234375,1.23944091796875,1.282501220703125,1.3255615234375,1.368621826171875,1.41168212890625,1.454742431640625,1.497802734375,1.540863037109375,1.58392333984375,1.626983642578125,1.6700439453125,1.713104248046875,1.75616455078125,1.799224853515625,1.84228515625,1.885345458984375,1.92840576171875,1.971466064453125,2.0145263671875,2.057586669921875,2.10064697265625,2.143707275390625,2.186767578125,2.229827880859375,2.27288818359375,2.315948486328125,2.3590087890625,2.402069091796875,2.44512939453125,2.488189697265625,2.53125],"_type":"histogram"},"loss":5271.7763671875,"l1_coeff":2,"_step":21300,"_timestamp":1.7602371850512812e+09,"sparsity_loss":527.5762939453125,"gradients/W_enc":{"values":[2,1,2,6,9,21,24,43,46,55,102,127,164,207,275,354,502,650,807,1103,1278,1747,2327,2936,4336,5863,8365,12248,21818,45651,141229,658872,3.3554432e+07,2.985546e+06,287106,78155,31297,15918,10009,7044,5037,3525,2770,2131,1628,1132,870,662,525,410,288,288,198,142,130,110,86,43,43,12,20,3,0,1],"bins":[-2.703125,-2.62060546875,-2.5380859375,-2.45556640625,-2.373046875,-2.29052734375,-2.2080078125,-2.12548828125,-2.04296875,-1.96044921875,-1.8779296875,-1.79541015625,-1.712890625,-1.63037109375,-1.5478515625,-1.46533203125,-1.3828125,-1.30029296875,-1.2177734375,-1.13525390625,-1.052734375,-0.97021484375,-0.8876953125,-0.80517578125,-0.72265625,-0.64013671875,-0.5576171875,-0.47509765625,-0.392578125,-0.31005859375,-0.2275390625,-0.14501953125,-0.0625,0.02001953125,0.1025390625,0.18505859375,0.267578125,0.35009765625,0.4326171875,0.51513671875,0.59765625,0.68017578125,0.7626953125,0.84521484375,0.927734375,1.01025390625,1.0927734375,1.17529296875,1.2578125,1.34033203125,1.4228515625,1.50537109375,1.587890625,1.67041015625,1.7529296875,1.83544921875,1.91796875,2.00048828125,2.0830078125,2.16552734375,2.248046875,2.33056640625,2.4130859375,2.49560546875,2.578125],"_type":"histogram"},"gradients/W_dec":{"bins":[-3.984375,-3.836181640625,-3.68798828125,-3.539794921875,-3.3916015625,-3.243408203125,-3.09521484375,-2.947021484375,-2.798828125,-2.650634765625,-2.50244140625,-2.354248046875,-2.2060546875,-2.057861328125,-1.90966796875,-1.761474609375,-1.61328125,-1.465087890625,-1.31689453125,-1.168701171875,-1.0205078125,-0.872314453125,-0.72412109375,-0.575927734375,-0.427734375,-0.279541015625,-0.13134765625,0.016845703125,0.1650390625,0.313232421875,0.46142578125,0.609619140625,0.7578125,0.906005859375,1.05419921875,1.202392578125,1.3505859375,1.498779296875,1.64697265625,1.795166015625,1.943359375,2.091552734375,2.23974609375,2.387939453125,2.5361328125,2.684326171875,2.83251953125,2.980712890625,3.12890625,3.277099609375,3.42529296875,3.573486328125,3.7216796875,3.869873046875,4.01806640625,4.166259765625,4.314453125,4.462646484375,4.61083984375,4.759033203125,4.9072265625,5.055419921875,5.20361328125,5.351806640625,5.5],"_type":"histogram","values":[2,2,2,0,3,3,6,10,10,21,16,33,40,42,73,77,123,169,261,402,675,1235,2361,6368,21482,141064,3.3554432e+07,932575,95216,16494,5091,2093,1071,629,393,259,186,124,85,71,39,46,32,24,17,11,8,9,9,3,6,2,3,4,2,2,1,1,2,0,0,0,0,1]},"l0_sparsity":34.30615234375,"_runtime":2382.260622162,"_wandb":{"runtime":2382},"recon_loss":4216.62353515625,"gradients/b_dec":{"_type":"histogram","values":[5,1,3,0,2,3,2,5,6,7,11,14,23,24,31,32,60,71,90,118,174,226,270,335,440,524,548,585,689,716,687,649,576,521,404,305,258,202,139,107,75,63,52,35,26,19,20,9,8,11,4,4,3,9,3,0,0,2,3,4,1,0,0,2],"bins":[-0.4140625,-0.39984130859375,-0.3856201171875,-0.37139892578125,-0.357177734375,-0.34295654296875,-0.3287353515625,-0.31451416015625,-0.30029296875,-0.28607177734375,-0.2718505859375,-0.25762939453125,-0.243408203125,-0.22918701171875,-0.2149658203125,-0.20074462890625,-0.1865234375,-0.17230224609375,-0.1580810546875,-0.14385986328125,-0.129638671875,-0.11541748046875,-0.1011962890625,-0.08697509765625,-0.07275390625,-0.05853271484375,-0.0443115234375,-0.03009033203125,-0.015869140625,-0.00164794921875,0.0125732421875,0.02679443359375,0.041015625,0.05523681640625,0.0694580078125,0.08367919921875,0.097900390625,0.11212158203125,0.1263427734375,0.14056396484375,0.15478515625,0.16900634765625,0.1832275390625,0.19744873046875,0.211669921875,0.22589111328125,0.2401123046875,0.25433349609375,0.2685546875,0.28277587890625,0.2969970703125,0.31121826171875,0.325439453125,0.33966064453125,0.3538818359375,0.36810302734375,0.38232421875,0.39654541015625,0.4107666015625,0.42498779296875,0.439208984375,0.45343017578125,0.4676513671875,0.48187255859375,0.49609375]}}