{"sparsity_loss":490.31695556640625,"_runtime":6727.860947053,"loss":1937.22900390625,"gradients/W_enc":{"_type":"histogram","values":[2,3,1,1,8,4,16,18,43,63,93,127,209,360,620,957,1565,2797,4669,8763,15796,30136,57786,121799,430891,1.6706769e+07,2.83412544e+08,880998,162076,70058,36303,19151,10315,5659,3175,1832,1069,639,387,255,162,110,91,53,59,32,31,25,24,17,17,20,18,12,5,9,5,3,8,9,4,0,3,1],"bins":[-1.111725926399231,-1.069235920906067,-1.0267460346221924,-0.9842560291290283,-0.9417660236358643,-0.899276077747345,-0.8567861318588257,-0.8142961263656616,-0.7718061804771423,-0.729316234588623,-0.686826229095459,-0.6443362832069397,-0.6018463373184204,-0.5593563318252563,-0.5168663859367371,-0.4743764102458954,-0.4318864345550537,-0.38939645886421204,-0.34690648317337036,-0.3044165372848511,-0.2619265615940094,-0.21943658590316772,-0.17694662511348724,-0.13445666432380676,-0.09196668863296509,-0.04947672039270401,-0.006986752152442932,0.035503216087818146,0.07799318432807922,0.1204831525683403,0.16297312080860138,0.20546308159828186,0.24795317649841309,0.29044315218925476,0.33293312788009644,0.3754230737686157,0.4179130494594574,0.4604030251502991,0.5028929710388184,0.5453829765319824,0.5878729224205017,0.630362868309021,0.6728528738021851,0.7153428196907043,0.7578327655792236,0.8003227710723877,0.842812716960907,0.885302722454071,0.9277926683425903,0.9702826142311096,1.012772560119629,1.055262565612793,1.097752571105957,1.1402424573898315,1.1827324628829956,1.2252224683761597,1.2677123546600342,1.3102023601531982,1.3526923656463623,1.3951823711395264,1.4376722574234009,1.480162262916565,1.522652268409729,1.5651421546936035,1.6076321601867676]},"l0_sparsity":54.00634765625,"_step":36100,"gradients/b_dec":{"bins":[-0.5304572582244873,-0.516366183757782,-0.5022750496864319,-0.48818397521972656,-0.47409287095069885,-0.46000176668167114,-0.4459106922149658,-0.4318195879459381,-0.4177284836769104,-0.4036373794078827,-0.389546275138855,-0.37545520067214966,-0.36136409640312195,-0.34727299213409424,-0.3331819176673889,-0.3190908133983612,-0.3049997091293335,-0.2909086048603058,-0.2768175005912781,-0.26272642612457275,-0.24863532185554504,-0.23454421758651733,-0.22045312821865082,-0.2063620388507843,-0.1922709345817566,-0.17817983031272888,-0.16408874094486237,-0.14999765157699585,-0.13590654730796814,-0.12181545048952103,-0.10772435367107391,-0.0936332568526268,-0.07954216003417969,-0.06545106321573257,-0.05135996639728546,-0.03726886957883835,-0.023177772760391235,-0.009086675941944122,0.005004420876502991,0.019095517694950104,0.03318661451339722,0.04727771133184433,0.06136880815029144,0.07545990496873856,0.08955100178718567,0.10364209860563278,0.1177331954240799,0.1318242847919464,0.14591538906097412,0.16000649333000183,0.17409758269786835,0.18818867206573486,0.20227977633476257,0.21637088060379028,0.2304619699716568,0.24455305933952332,0.258644163608551,0.27273526787757874,0.28682637214660645,0.30091744661331177,0.3150085508823395,0.3290996551513672,0.3431907296180725,0.3572818338871002,0.37137293815612793],"_type":"histogram","values":[3,3,0,0,0,1,0,1,0,0,0,0,0,2,0,0,0,0,2,0,2,0,4,1,3,4,8,13,16,23,35,79,150,293,599,963,1305,1518,1490,1113,737,395,200,113,55,32,15,10,6,2,9,4,1,2,1,0,0,0,1,1,0,0,0,1]},"W_dec_norm":189.27395629882812,"_timestamp":1.7602530583359723e+09,"l1_coeff":2,"dead_features":18000,"lr":5e-05,"recon_loss":956.5950317382812,"gradients/b_enc":{"_type":"histogram","values":[1,0,0,1,0,2,1,4,1,3,0,0,2,1,8,4,7,14,16,16,29,49,111,235,709,2515,24390,3291,776,244,93,62,36,19,15,10,6,8,9,8,6,4,5,6,4,4,5,7,1,4,1,4,1,5,3,2,2,1,0,1,0,1,3,2],"bins":[-0.13622596859931946,-0.131110280752182,-0.12599457800388336,-0.12087888270616531,-0.11576318740844727,-0.11064749211072922,-0.10553179681301117,-0.10041610151529312,-0.09530040621757507,-0.09018471091985703,-0.08506901562213898,-0.07995332032442093,-0.07483762502670288,-0.06972192972898483,-0.06460623443126678,-0.05949053913354874,-0.05437484383583069,-0.04925914853811264,-0.04414345324039459,-0.039027757942676544,-0.033912062644958496,-0.028796367347240448,-0.0236806720495224,-0.018564976751804352,-0.013449281454086304,-0.008333586156368256,-0.0032178908586502075,0.0018978044390678406,0.007013499736785889,0.012129195034503937,0.017244890332221985,0.022360585629940033,0.02747628092765808,0.03259197622537613,0.03770767152309418,0.042823366820812225,0.04793906211853027,0.05305475741624832,0.05817045271396637,0.06328614801168442,0.06840184330940247,0.07351753860712051,0.07863323390483856,0.08374892920255661,0.08886462450027466,0.0939803197979927,0.09909601509571075,0.1042117103934288,0.10932740569114685,0.1144431009888649,0.11955879628658295,0.124674491584301,0.12979018688201904,0.1349058747291565,0.14002157747745514,0.14513728022575378,0.15025296807289124,0.1553686559200287,0.16048435866832733,0.16560006141662598,0.17071574926376343,0.17583143711090088,0.18094713985919952,0.18606284260749817,0.19117853045463562]},"_wandb":{"runtime":6727},"gradients/W_dec":{"values":[1,0,0,1,0,1,3,3,3,9,10,16,19,19,36,46,77,92,158,212,359,583,971,1698,3167,6578,15699,44044,163757,971881,3.212344e+07,2.6700072e+08,1.367375e+06,207013,53401,18297,7674,3611,1916,1063,568,362,232,156,90,72,36,34,15,7,7,11,11,3,1,2,0,0,2,1,0,0,0,1],"bins":[-0.7333354949951172,-0.7097324132919312,-0.6861293315887451,-0.6625262498855591,-0.638923168182373,-0.615320086479187,-0.591717004776001,-0.5681139230728149,-0.5445108413696289,-0.5209077596664429,-0.49730467796325684,-0.4737015962600708,-0.45009851455688477,-0.42649543285369873,-0.4028923511505127,-0.37928926944732666,-0.3556861877441406,-0.3320831060409546,-0.30848002433776855,-0.2848769426345825,-0.2612738609313965,-0.23767077922821045,-0.21406769752502441,-0.19046461582183838,-0.16686153411865234,-0.1432584524154663,-0.11965537071228027,-0.09605228900909424,-0.0724492073059082,-0.04884612560272217,-0.025243043899536133,-0.0016399621963500977,0.021963179111480713,0.04556626081466675,0.06916934251785278,0.09277242422103882,0.11637550592422485,0.1399785876274109,0.16358166933059692,0.18718475103378296,0.210787832736969,0.23439091444015503,0.25799399614334106,0.2815970778465271,0.30520015954971313,0.32880324125289917,0.3524063229560852,0.37600940465927124,0.3996124863624573,0.4232155680656433,0.44681864976882935,0.4704217314720154,0.4940248131752014,0.5176278948783875,0.5412309765815735,0.5648340582847595,0.5884371399879456,0.6120402216911316,0.6356433033943176,0.6592463850975037,0.6828494668006897,0.7064525485038757,0.7300556302070618,0.7536587119102478,0.7772617936134338],"_type":"histogram"}}