{"_wandb":{"runtime":2},"_runtime":2.04870646,"loss":263748.9375,"recon_loss":238326.84375,"sparsity_loss":25422.0859375,"l0_sparsity":15103.537109375,"_timestamp":1.7602053132762418e+09,"_step":0}