{"_wandb":{"runtime":430},"_runtime":430.202816154,"loss":4314.140625,"recon_loss":2854.410888671875,"sparsity_loss":1459.72998046875,"l0_sparsity":468.31689453125,"_timestamp":1.7602089748014655e+09,"_step":9700}