{"loss":3807.1513671875,"dead_features":7305,"_runtime":1310.175660693,"lr":5e-05,"_timestamp":1.760239576071848e+09,"gradients/W_enc":{"_type":"histogram","values":[2,1,2,2,15,17,28,52,83,109,195,259,359,665,825,1216,2160,3293,5539,8628,14365,23544,37829,60240,103471,177996,366851,906785,2.934286e+06,3.3554432e+07,3.3554432e+07,3.53651e+06,1.078413e+06,434647,220626,123069,77082,48413,30314,18470,11889,7162,4462,2621,1671,1190,697,485,347,212,126,67,45,25,17,9,3,1,5,5,3,1,0,2],"bins":[-1.21875,-1.17822265625,-1.1376953125,-1.09716796875,-1.056640625,-1.01611328125,-0.9755859375,-0.93505859375,-0.89453125,-0.85400390625,-0.8134765625,-0.77294921875,-0.732421875,-0.69189453125,-0.6513671875,-0.61083984375,-0.5703125,-0.52978515625,-0.4892578125,-0.44873046875,-0.408203125,-0.36767578125,-0.3271484375,-0.28662109375,-0.24609375,-0.20556640625,-0.1650390625,-0.12451171875,-0.083984375,-0.04345703125,-0.0029296875,0.03759765625,0.078125,0.11865234375,0.1591796875,0.19970703125,0.240234375,0.28076171875,0.3212890625,0.36181640625,0.40234375,0.44287109375,0.4833984375,0.52392578125,0.564453125,0.60498046875,0.6455078125,0.68603515625,0.7265625,0.76708984375,0.8076171875,0.84814453125,0.888671875,0.92919921875,0.9697265625,1.01025390625,1.05078125,1.09130859375,1.1318359375,1.17236328125,1.212890625,1.25341796875,1.2939453125,1.33447265625,1.375]},"gradients/W_dec":{"bins":[-3.625,-3.509033203125,-3.39306640625,-3.277099609375,-3.1611328125,-3.045166015625,-2.92919921875,-2.813232421875,-2.697265625,-2.581298828125,-2.46533203125,-2.349365234375,-2.2333984375,-2.117431640625,-2.00146484375,-1.885498046875,-1.76953125,-1.653564453125,-1.53759765625,-1.421630859375,-1.3056640625,-1.189697265625,-1.07373046875,-0.957763671875,-0.841796875,-0.725830078125,-0.60986328125,-0.493896484375,-0.3779296875,-0.261962890625,-0.14599609375,-0.030029296875,0.0859375,0.201904296875,0.31787109375,0.433837890625,0.5498046875,0.665771484375,0.78173828125,0.897705078125,1.013671875,1.129638671875,1.24560546875,1.361572265625,1.4775390625,1.593505859375,1.70947265625,1.825439453125,1.94140625,2.057373046875,2.17333984375,2.289306640625,2.4052734375,2.521240234375,2.63720703125,2.753173828125,2.869140625,2.985107421875,3.10107421875,3.217041015625,3.3330078125,3.448974609375,3.56494140625,3.680908203125,3.796875],"_type":"histogram","values":[1,0,1,0,1,2,1,1,1,2,4,2,5,6,4,5,9,11,12,9,19,36,35,57,113,236,485,1255,4311,30633,1.584749e+06,3.3554432e+07,159229,9668,1936,637,252,160,72,35,24,21,15,8,8,3,4,4,5,3,3,0,1,0,1,0,0,0,1,0,1,0,0,3]},"gradients/b_dec":{"bins":[-0.53125,-0.51708984375,-0.5029296875,-0.48876953125,-0.474609375,-0.46044921875,-0.4462890625,-0.43212890625,-0.41796875,-0.40380859375,-0.3896484375,-0.37548828125,-0.361328125,-0.34716796875,-0.3330078125,-0.31884765625,-0.3046875,-0.29052734375,-0.2763671875,-0.26220703125,-0.248046875,-0.23388671875,-0.2197265625,-0.20556640625,-0.19140625,-0.17724609375,-0.1630859375,-0.14892578125,-0.134765625,-0.12060546875,-0.1064453125,-0.09228515625,-0.078125,-0.06396484375,-0.0498046875,-0.03564453125,-0.021484375,-0.00732421875,0.0068359375,0.02099609375,0.03515625,0.04931640625,0.0634765625,0.07763671875,0.091796875,0.10595703125,0.1201171875,0.13427734375,0.1484375,0.16259765625,0.1767578125,0.19091796875,0.205078125,0.21923828125,0.2333984375,0.24755859375,0.26171875,0.27587890625,0.2900390625,0.30419921875,0.318359375,0.33251953125,0.3466796875,0.36083984375,0.375],"_type":"histogram","values":[1,0,0,0,0,0,0,0,0,1,0,0,1,0,3,1,2,3,4,5,4,6,5,14,23,19,28,39,66,94,134,241,351,473,651,879,1020,1108,1049,833,698,489,302,230,137,86,58,28,47,29,15,11,11,4,3,3,3,1,0,2,0,0,0,1]},"recon_loss":2443.2958984375,"l1_coeff":0.8,"_wandb":{"runtime":1310},"sparsity_loss":1704.819091796875,"l0_sparsity":360.21142578125,"_step":11900,"gradients/b_enc":{"_type":"histogram","values":[8,7,51,3853,24817,1667,584,407,274,200,142,99,86,74,65,57,32,34,30,33,29,18,25,19,9,18,13,13,11,11,10,8,9,5,6,7,6,4,3,2,3,4,4,4,1,0,0,0,0,1,0,1,0,1,0,1,0,0,0,0,0,0,0,2],"bins":[-0.06591796875,-0.04981231689453125,-0.0337066650390625,-0.01760101318359375,-0.001495361328125,0.01461029052734375,0.0307159423828125,0.04682159423828125,0.06292724609375,0.07903289794921875,0.0951385498046875,0.11124420166015625,0.127349853515625,0.14345550537109375,0.1595611572265625,0.17566680908203125,0.1917724609375,0.20787811279296875,0.2239837646484375,0.24008941650390625,0.256195068359375,0.27230072021484375,0.2884063720703125,0.30451202392578125,0.32061767578125,0.33672332763671875,0.3528289794921875,0.36893463134765625,0.385040283203125,0.40114593505859375,0.4172515869140625,0.43335723876953125,0.449462890625,0.46556854248046875,0.4816741943359375,0.49777984619140625,0.513885498046875,0.5299911499023438,0.5460968017578125,0.5622024536132812,0.57830810546875,0.5944137573242188,0.6105194091796875,0.6266250610351562,0.642730712890625,0.6588363647460938,0.6749420166015625,0.6910476684570312,0.7071533203125,0.7232589721679688,0.7393646240234375,0.7554702758789062,0.771575927734375,0.7876815795898438,0.8037872314453125,0.8198928833007812,0.83599853515625,0.8521041870117188,0.8682098388671875,0.8843154907226562,0.900421142578125,0.9165267944335938,0.9326324462890625,0.9487380981445312,0.96484375]}}