{"stats/l0_sparsity":431.87744140625,"gradients/W_dec":{"bins":[-0.3079880475997925,-0.29854264855384827,-0.28909727931022644,-0.2796518802642822,-0.270206481218338,-0.2607611119747162,-0.251315712928772,-0.24187031388282776,-0.23242492973804474,-0.22297954559326172,-0.2135341465473175,-0.20408876240253448,-0.19464337825775146,-0.18519797921180725,-0.17575259506702423,-0.16630719602108002,-0.156861811876297,-0.14741642773151398,-0.13797102868556976,-0.12852564454078674,-0.11908025294542313,-0.10963486135005951,-0.10018947720527649,-0.09074408560991287,-0.08129869401454926,-0.07185330241918564,-0.06240791454911232,-0.052962526679039,-0.043517135083675385,-0.03407174348831177,-0.02462635561823845,-0.015180965885519981,-0.005735576152801514,0.003709813579916954,0.013155203312635422,0.02260059304535389,0.03204598277807236,0.041491374373435974,0.05093676224350929,0.06038215011358261,0.06982754170894623,0.07927293330430984,0.08871832489967346,0.09816370904445648,0.1076091006398201,0.11705449223518372,0.12649987637996674,0.13594527542591095,0.14539065957069397,0.154836043715477,0.1642814427614212,0.17372682690620422,0.18317222595214844,0.19261761009693146,0.20206299424171448,0.2115083932876587,0.2209537774324417,0.23039916157722473,0.23984456062316895,0.24928994476795197,0.258735328912735,0.2681807279586792,0.2776261270046234,0.28707149624824524,0.29651689529418945],"_type":"histogram","values":[2,0,1,1,3,2,5,10,10,24,31,38,84,124,191,381,501,820,1305,2179,3584,5896,10256,18030,33338,64418,133382,303931,805826,2.629534e+06,1.1021043e+07,5.1627728e+07,1.43641968e+08,7.0812824e+07,1.5589814e+07,3.55453e+06,1.03004e+06,375867,159525,75400,38412,20578,11836,6705,3917,2462,1527,971,612,361,222,141,95,58,46,32,15,11,7,5,2,2,0,1]},"hyperparams/lr":5e-05,"_wandb":{"runtime":1257},"stats/dead_features":15,"stats/W_dec_norm":46.15839767456055,"losses/sparsity_loss":1035.347900390625,"_timestamp":1.7603131050807025e+09,"gradients/log_threshold":{"bins":[-0.3734511435031891,-0.36752527952194214,-0.3615994155406952,-0.35567355155944824,-0.3497476577758789,-0.34382179379463196,-0.337895929813385,-0.33197006583213806,-0.3260442018508911,-0.32011833786964417,-0.3141924738883972,-0.30826660990715027,-0.3023407459259033,-0.296414852142334,-0.29048898816108704,-0.2845631241798401,-0.27863726019859314,-0.2727113962173462,-0.26678553223609924,-0.2608596682548523,-0.25493377447128296,-0.2490079253911972,-0.24308204650878906,-0.23715618252754211,-0.23123031854629517,-0.22530445456504822,-0.21937859058380127,-0.21345271170139313,-0.20752684772014618,-0.20160098373889923,-0.1956751048564911,-0.18974924087524414,-0.1838233768939972,-0.17789751291275024,-0.1719716489315033,-0.16604577004909515,-0.1601199060678482,-0.15419404208660126,-0.1482681781053543,-0.14234229922294617,-0.13641643524169922,-0.13049057126045227,-0.12456469982862473,-0.11863883584737778,-0.11271296441555023,-0.10678710043430328,-0.10086122900247574,-0.09493536502122879,-0.08900949358940125,-0.0830836296081543,-0.07715775817632675,-0.0712318941950798,-0.06530602276325226,-0.05938015878200531,-0.05345429107546806,-0.04752842336893082,-0.04160255566239357,-0.03567668795585632,-0.029750818386673927,-0.02382495068013668,-0.017899082973599434,-0.011973215267062187,-0.006047348026186228,-0.0001214803196489811,0.005804387386888266],"_type":"histogram","values":[3,1,1,5,4,5,6,9,8,19,19,10,21,33,40,56,79,83,116,126,155,164,217,232,292,344,374,444,547,597,732,888,1037,1290,1495,1539,1475,1355,1305,1320,1300,1214,1045,733,579,435,314,282,268,244,226,196,210,221,198,198,197,219,257,257,329,543,3475,3382]},"gradients/b_enc":{"bins":[-0.016526704654097557,-0.015128025785088539,-0.013729346916079521,-0.012330668047070503,-0.010931989178061485,-0.009533310309052467,-0.00813463144004345,-0.0067359525710344315,-0.0053372737020254135,-0.003938594833016396,-0.0025399159640073776,-0.0011412370949983597,0.00025744177401065826,0.0016561206430196762,0.003054799512028694,0.004453478381037712,0.00585215725004673,0.007250836119055748,0.008649514988064766,0.010048193857073784,0.011446872726082802,0.01284555159509182,0.014244230464100838,0.015642909333109856,0.017041588202118874,0.01844026707112789,0.01983894594013691,0.021237624809145927,0.022636303678154945,0.024034982547163963,0.02543366141617298,0.026832340285182,0.028231017291545868,0.029629696160554886,0.031028375029563904,0.03242705389857292,0.03382573276758194,0.03522441163659096,0.036623090505599976,0.038021769374608994,0.03942044824361801,0.04081912711262703,0.04221780598163605,0.043616484850645065,0.04501516371965408,0.0464138425886631,0.04781252145767212,0.04921120032668114,0.050609879195690155,0.05200855806469917,0.05340723693370819,0.05480591580271721,0.05620459467172623,0.057603273540735245,0.05900195240974426,0.06040063127875328,0.0617993101477623,0.06319798529148102,0.06459666788578033,0.06599535048007965,0.06739402562379837,0.06879270076751709,0.0701913833618164,0.07159006595611572,0.07298874109983444],"_type":"histogram","values":[2,1,3,3,4,5,14,43,190,1070,5925,13642,7956,2281,606,275,190,125,96,76,50,42,37,28,17,13,13,7,8,6,6,4,3,3,1,2,1,1,2,1,1,1,1,3,2,1,2,0,0,1,0,0,1,0,0,1,1,0,0,0,0,0,0,1]},"losses/recon_loss":808.9146728515625,"losses/preact_loss":71.98488984375,"gradients/b_dec":{"bins":[-0.15112850069999695,-0.14677926898002625,-0.14243003726005554,-0.13808080554008484,-0.13373157382011414,-0.12938234210014343,-0.12503311038017273,-0.12068388611078262,-0.11633465439081192,-0.11198542267084122,-0.10763619095087051,-0.10328695923089981,-0.0989377349615097,-0.094588503241539,-0.0902392715215683,-0.0858900398015976,-0.08154080808162689,-0.07719157636165619,-0.07284234464168549,-0.06849311292171478,-0.06414388120174408,-0.059794653207063675,-0.05544542521238327,-0.05109619349241257,-0.046746961772441864,-0.04239773005247116,-0.03804849833250046,-0.03369927033782005,-0.02935003861784935,-0.025000806897878647,-0.020651577040553093,-0.01630234718322754,-0.011953115463256836,-0.007603884674608707,-0.003254653885960579,0.0010945769026875496,0.005443807691335678,0.009793038479983807,0.014142269268631935,0.01849149912595749,0.022840730845928192,0.027189962565898895,0.0315391942858696,0.03588842228055,0.040237654000520706,0.04458688572049141,0.048936113715171814,0.05328534543514252,0.05763457715511322,0.06198380887508392,0.06633304059505463,0.07068227231502533,0.07503150403499603,0.07938072830438614,0.08372996002435684,0.08807919174432755,0.09242842346429825,0.09677765518426895,0.10112688690423965,0.10547611862421036,0.10982534289360046,0.11417457461357117,0.11852380633354187,0.12287303805351257,0.12722226977348328],"_type":"histogram","values":[2,3,1,1,0,1,1,0,1,0,0,0,1,1,1,2,1,3,5,5,15,21,29,44,87,122,159,230,355,458,544,648,632,677,737,732,717,625,569,460,411,303,245,135,88,48,40,29,8,4,6,3,2,1,0,0,0,0,1,1,0,0,0,1]},"gradients/W_enc":{"_type":"histogram","values":[3,0,2,2,3,4,3,2,10,12,17,19,15,19,39,88,162,392,812,1910,4656,10811,24189,78897,461345,8.5897248e+07,2.14695296e+08,642461,107465,32758,15027,6944,3216,1413,684,359,172,150,97,54,39,32,30,15,15,23,16,27,23,13,7,5,6,0,3,4,1,5,2,1,0,3,1,1],