{"gradients/W_dec":{"bins":[-0.30584070086479187,-0.2957839071750641,-0.2857271432876587,-0.2756703495979309,-0.2656135559082031,-0.25555679202079773,-0.24549999833106995,-0.23544321954250336,-0.22538644075393677,-0.21532964706420898,-0.2052728682756424,-0.1952160894870758,-0.18515929579734802,-0.17510251700878143,-0.16504573822021484,-0.15498894453048706,-0.14493216574192047,-0.13487538695335388,-0.1248186007142067,-0.11476181447505951,-0.10470503568649292,-0.09464824944734573,-0.08459146320819855,-0.07453468441963196,-0.06447789818048477,-0.054421115666627884,-0.044364333152770996,-0.03430754691362381,-0.024250764399766922,-0.01419398095458746,-0.004137197509407997,0.005919585935771465,0.015976369380950928,0.026033151894807816,0.0360899344086647,0.04614672064781189,0.05620350316166878,0.06626028567552567,0.07631707191467285,0.08637385070323944,0.09643063694238663,0.10648742318153381,0.1165442019701004,0.126600980758667,0.13665777444839478,0.14671455323696136,0.15677133202552795,0.16682812571525574,0.17688490450382233,0.18694168329238892,0.1969984769821167,0.2070552557706833,0.21711203455924988,0.22716882824897766,0.23722560703754425,0.24728238582611084,0.2573391795158386,0.267395943403244,0.2774527370929718,0.2875095307826996,0.297566294670105,0.30762308835983276,0.31767988204956055,0.32773664593696594,0.3377934396266937],"_type":"histogram","values":[1,0,0,1,2,7,4,3,9,15,20,31,49,76,114,152,258,456,797,1352,2563,4700,9342,18960,40657,92763,235355,705570,3.021383e+06,2.6885682e+07,2.51150944e+08,1.6684386e+07,2.227437e+06,566060,196630,79674,35791,16596,8454,4281,2271,1296,753,425,263,152,101,69,35,31,20,13,6,5,4,4,6,1,1,0,1,0,1,1]},"W_dec_norm":155.4381866455078,"dead_features":6096,"_wandb":{"runtime":5932},"l1_coeff":1,"l0_sparsity":213.22998046875,"_step":32000,"_timestamp":1.760292872808434e+09,"gradients/b_enc":{"_type":"histogram","values":[1,1,0,1,3,0,3,1,3,1,5,0,4,6,9,14,19,28,62,106,203,483,1382,4043,15668,7262,2304,653,225,104,50,26,17,11,6,4,7,6,3,4,2,1,3,2,1,1,0,1,2,1,0,3,2,3,1,3,2,0,2,2,3,1,1,3],"bins":[-0.07698920369148254,-0.07388141006231308,-0.07077360898256302,-0.06766581535339355,-0.06455802172422409,-0.06145022436976433,-0.058342427015304565,-0.0552346333861351,-0.05212683603167534,-0.049019038677215576,-0.04591124504804611,-0.04280344769358635,-0.03969565033912659,-0.03658785670995712,-0.03348005935549736,-0.030372263863682747,-0.027264468371868134,-0.02415667288005352,-0.021048877388238907,-0.017941080033779144,-0.014833284541964531,-0.011725489050149918,-0.00861769262701273,-0.005509896669536829,-0.0024021007120609283,0.0007056952454149723,0.003813491202890873,0.006921287160366774,0.010029083117842674,0.013136878609657288,0.01624467596411705,0.019352471455931664,0.022460266947746277,0.02556806243956089,0.028675857931375504,0.031783655285835266,0.03489144891500473,0.03799924626946449,0.041107043623924255,0.04421483725309372,0.04732263460755348,0.050430431962013245,0.05353822559118271,0.05664602294564247,0.059753820300102234,0.0628616139292717,0.06596940755844116,0.06907720863819122,0.07218500226736069,0.07529279589653015,0.07840059697628021,0.08150839060544968,0.08461618423461914,0.0877239853143692,0.09083177894353867,0.09393957257270813,0.09704737365245819,0.10015516728162766,0.10326296091079712,0.10637075453996658,0.10947855561971664,0.11258634924888611,0.11569414287805557,0.11880194395780563,0.1219097375869751]},"_runtime":5932.616054672,"recon_loss":844.9564819335938,"lr":5e-05,"loss":1570.0966796875,"gradients/b_dec":{"_type":"histogram","values":[4,1,0,0,1,0,1,0,1,0,0,0,0,1,2,0,0,0,0,3,5,4,5,5,11,13,15,33,62,99,162,275,478,617,816,1043,1179,1113,979,717,563,386,246,145,72,62,30,22,18,3,7,3,7,2,1,0,0,0,0,3,0,0,0,1],"bins":[-0.2467561811208725,-0.24007999897003174,-0.23340380191802979,-0.22672761976718903,-0.22005142271518707,-0.2133752405643463,-0.20669904351234436,-0.2000228613615036,-0.19334666430950165,-0.1866704821586609,-0.17999428510665894,-0.17331810295581818,-0.16664190590381622,-0.15996572375297546,-0.1532895267009735,-0.14661334455013275,-0.139937162399292,-0.13326096534729004,-0.12658478319644928,-0.11990858614444733,-0.11323239654302597,-0.10655620694160461,-0.09988001734018326,-0.0932038277387619,-0.08652764558792114,-0.07985145598649979,-0.07317526638507843,-0.06649907678365707,-0.05982288718223572,-0.05314669758081436,-0.046470507979393005,-0.03979431837797165,-0.03311812877655029,-0.026441939175128937,-0.01976574957370758,-0.013089561834931374,-0.006413372233510017,0.0002628169022500515,0.00693900603801012,0.013615194708108902,0.020291384309530258,0.026967573910951614,0.03364376351237297,0.04031995311379433,0.046996138989925385,0.05367232859134674,0.0603485181927681,0.06702470779418945,0.07370089739561081,0.08037708699703217,0.08705327659845352,0.09372946619987488,0.10040565580129623,0.10708184540271759,0.11375803500413895,0.1204342246055603,0.12711040675640106,0.13378660380840302,0.14046278595924377,0.14713898301124573,0.1538151651620865,0.16049136221408844,0.1671675443649292,0.17384374141693115,0.1805199235677719]},"sparsity_loss":725.14013671875,"gradients/W_enc":{"values":[4,1,6,2,1,10,14,23,22,61,126,249,390,720,1279,2178,3329,5068,7393,10450,14811,21583,30722,49358,98406,372489,1.5147357e+07,2.83601312e+08,2.24783e+06,191070,69350,38383,24594,16302,11445,8266,5803,4030,2594,1554,861,481,291,150,74,28,25,17,22,27,22,20,25,21,17,15,14,18,13,13,15,8,11,5],"bins":[-0.6181032061576843,-0.5954728722572327,-0.572842538356781,-0.5502122044563293,-0.5275818109512329,-0.5049514770507812,-0.4823211431503296,-0.45969080924987793,-0.43706047534942627,-0.4144301414489746,-0.39179980754852295,-0.3691694438457489,-0.34653910994529724,-0.3239087760448456,-0.30127841234207153,-0.2786480784416199,-0.2560177445411682,-0.23338741064071655,-0.2107570618391037,-0.18812671303749084,-0.16549637913703918,-0.14286604523658752,-0.12023569643497467,-0.09760535508394241,-0.07497501373291016,-0.0523446723818779,-0.029714331030845642,-0.007083989679813385,0.015546351671218872,0.03817669302225113,0.060807034373283386,0.08343737572431564,0.10606777667999268,0.12869811058044434,0.1513284593820572,0.17395880818367004,0.1965891420841217,0.21921947598457336,0.24184982478618622,0.2644801735877991,0.28711050748825073,0.3097408413887024,0.33237117528915405,0.3550015389919281,0.37763187289237976,0.4002622067928314,0.42289257049560547,0.44552290439605713,0.4681532382965088,0.49078357219696045,0.5134139060974121,0.5360442399978638,0.5586745738983154,0.5813049674034119,0.6039353013038635,0.6265656352043152,0.6491959691047668,0.6718263030052185,0.6944566369056702,0.7170869708061218,0.7397173643112183,0.7623476982116699,0.7849780321121216,0.8076083660125732,0.8302386999130249],"_type":"histogram"}}