{"stats/l0_sparsity":3889.62353515625,"_runtime":357.257195763,"_wandb":{"runtime":357},"_step":1500,"stats/W_dec_norm":15.231539726257324,"gradients/b_enc":{"values":[1,4,2,7,23,27,37,91,125,164,206,336,482,640,795,1020,1355,1561,1749,1991,2184,2357,2159,2273,2158,2015,1701,1510,1307,1074,878,628,489,363,299,227,160,108,93,55,35,19,15,11,7,7,6,4,1,5,1,1,0,0,1,0,0,0,0,0,0,0,0,1],"bins":[-0.00418261531740427,-0.003970845602452755,-0.0037590754218399525,-0.0035473054740577936,-0.0033355355262756348,-0.003123765578493476,-0.002911995630711317,-0.002700225682929158,-0.0024884557351469994,-0.002276686020195484,-0.0020649160724133253,-0.0018531460082158446,-0.0016413761768490076,-0.0014296062290668488,-0.00121783628128469,-0.001006066333502531,-0.0007942963857203722,-0.0005825264379382133,-0.00037075651925988495,-0.00015898658602964133,5.278334720060229e-05,0.00026455329498276114,0.00047632321366108954,0.0006880931323394179,0.0008998630801215768,0.0011116330279037356,0.0013234029756858945,0.0015351729234680533,0.0017469427548348904,0.0019587127026170492,0.002170482650399208,0.002382252598181367,0.0025940225459635258,0.0028057924937456846,0.0030175624415278435,0.0032293323893100023,0.003441102337092161,0.00365287228487432,0.003864642232656479,0.004076411947607994,0.004288182128220797,0.004499951843172312,0.004711722023785114,0.0049234917387366295,0.005135261919349432,0.005347031634300947,0.00555880181491375,0.005770571529865265,0.00598234124481678,0.006194111425429583,0.006405881140381098,0.0066176513209939,0.0068294210359454155,0.007041191216558218,0.007252960931509733,0.007464731112122536,0.007676500827074051,0.007888270542025566,0.008100041188299656,0.008311810903251171,0.008523580618202686,0.008735350333154202,0.008947120979428291,0.009158890694379807,0.009370660409331322],"_type":"histogram"},"_timestamp":1.7603041759486923e+09,"hyperparams/l1_coeff":0.48,"losses/loss":2342.4755859375,"losses/recon_loss":985.09716796875,"gradients/log_threshold":{"values":[2,2,1,1,5,7,7,8,14,23,18,16,25,28,27,32,36,45,44,57,69,68,92,91,104,160,135,154,160,159,192,217,228,257,289,267,306,328,360,387,420,459,449,498,557,561,617,658,675,727,745,752,877,916,1393,2476,4246,5202,3778,1505,437,199,117,83],"bins":[-0.05335939675569534,-0.05253022164106369,-0.05170104280114174,-0.050871867686510086,-0.050042688846588135,-0.04921351373195648,-0.04838433489203453,-0.04755515977740288,-0.046725980937480927,-0.045896805822849274,-0.04506762698292732,-0.04423845186829567,-0.04340927302837372,-0.042580097913742065,-0.041750919073820114,-0.04092174395918846,-0.04009256511926651,-0.03926339000463486,-0.038434214890003204,-0.03760503605008125,-0.0367758609354496,-0.03594668209552765,-0.035117506980895996,-0.034288328140974045,-0.03345915302634239,-0.03262997418642044,-0.03180079907178879,-0.030971622094511986,-0.030142445117235184,-0.02931326813995838,-0.02848409116268158,-0.027654914185404778,-0.026825735345482826,-0.025996558368206024,-0.025167381390929222,-0.02433820441365242,-0.023509027436375618,-0.022679850459098816,-0.021850673481822014,-0.021021496504545212,-0.02019232138991356,-0.019363144412636757,-0.018533967435359955,-0.017704790458083153,-0.01687561348080635,-0.01604643650352955,-0.015217259526252747,-0.014388082548975945,-0.013558905571699142,-0.01272972859442234,-0.011900551617145538,-0.011071374639868736,-0.010242198593914509,-0.009413021616637707,-0.008583844639360905,-0.007754667662084103,-0.006925490684807301,-0.0060963137075304985,-0.005267137195914984,-0.004437960218638182,-0.0036087832413613796,-0.002779606496915221,-0.001950429636053741,-0.0011212527751922607,-0.00029207588522695005],"_type":"histogram"},"hyperparams/lr":1.5010000000000002e-05,"stats/dead_features":0,"gradients/b_dec":{"values":[1,2,5,3,2,6,6,15,8,18,15,23,34,54,56,71,72,108,117,164,209,260,254,303,304,337,408,442,426,454,474,445,444,408,409,389,391,324,300,246,247,187,144,129,118,89,70,58,40,33,22,30,10,9,7,4,2,6,2,0,0,0,0,2],"bins":[-0.12830835580825806,-0.12420112639665604,-0.12009388953447342,-0.1159866601228714,-0.11187943071126938,-0.10777219384908676,-0.10366496443748474,-0.09955773502588272,-0.0954505056142807,-0.09134326875209808,-0.08723603934049606,-0.08312880992889404,-0.07902157306671143,-0.0749143436551094,-0.07080711424350739,-0.06669987738132477,-0.06259264796972275,-0.05848541483283043,-0.05437818542122841,-0.05027095228433609,-0.04616372287273407,-0.04205648973584175,-0.03794925659894943,-0.03384202718734741,-0.029734794050455093,-0.025627562776207924,-0.021520331501960754,-0.017413098365068436,-0.013305867090821266,-0.009198635816574097,-0.005091403611004353,-0.0009841718710958958,0.003123059868812561,0.007230291608721018,0.011337523348629475,0.015444755554199219,0.019551986828446388,0.023659218102693558,0.027766451239585876,0.0318736806511879,0.035980913788080215,0.040088146924972534,0.044195376336574554,0.04830260947346687,0.05240984261035919,0.05651707202196121,0.06062430515885353,0.06473153829574585,0.06883876770734787,0.07294599711894989,0.07705323398113251,0.08116046339273453,0.08526769280433655,0.08937492966651917,0.09348215907812119,0.0975893884897232,0.10169662535190582,0.10580385476350784,0.10991108417510986,0.11401831358671188,0.1181255504488945,0.12223277986049652,0.12634001672267914,0.13044723868370056,0.13455447554588318],"_type":"histogram"},"losses/preact_loss":0.052740626953125,"losses/sparsity_loss":2827.761962890625,"gradients/W_dec":{"_type":"histogram","values":[1,0,0,2,1,3,1,1,3,7,3,7,8,15,31,32,62,81,106,169,231,324,489,679,1041,1551,2517,4973,14498,61405,306119,1.501746e+06,6.334719e+06,2.087212e+07,4.9901776e+07,8.1877112e+07,7.6060496e+07,4.235692e+07,1.6493736e+07,4.785826e+06,1.116424e+06,226654,45096,11025,4202,2377,1506,1011,683,460,337,208,159,107,71,42,28,18,14,10,7,2,1,2],"bins":[-0.6077191233634949,-0.5907996892929077,-0.5738801956176758,-0.5569607615470886,-0.5400412678718567,-0.5231218338012695,-0.5062023997306824,-0.48928290605545044,-0.4723634719848633,-0.45544400811195374,-0.4385245442390442,-0.42160508036613464,-0.4046856164932251,-0.38776615262031555,-0.3708467185497284,-0.35392725467681885,-0.3370077908039093,-0.32008832693099976,-0.3031688630580902,-0.28624942898750305,-0.2693299651145935,-0.25241050124168396,-0.23549103736877441,-0.21857158839702606,-0.20165212452411652,-0.18473266065120697,-0.16781321167945862,-0.15089374780654907,-0.13397428393363953,-0.11705483496189117,-0.10013537108898163,-0.08321591466665268,-0.06629648804664612,-0.04937703162431717,-0.03245757147669792,-0.015538113191723824,0.0013813450932502747,0.018300803378224373,0.03522026166319847,0.05213972181081772,0.06905917823314667,0.08597863465547562,0.10289809107780457,0.11981755495071411,0.13673701882362366,0.153656467795372,0.17057593166828156,0.1874953806400299,0.20441484451293945,0.221334308385849,0.23825375735759735,0.2551732063293457,0.27209267020225525,0.2890121340751648,0.30593159794807434,0.3228510618209839,0.33977049589157104,0.3566899597644806,0.37360942363739014,0.3905288875102997,0.40744835138320923,0.4243678152561188,0.44128724932670593,0.4582067131996155,0.475126177072525]},"gradients/W_enc":{"values":[1,0,2,0,1,0,1,2,3,8,15,8,26,39,52,110,176,358,710,1287,2371,4466,8533,17611,38766,96403,462245,9.648885e+06,1.15493048e+08,1.55012768e+08,1.9967712e+07,930057,149414,60091,31690,19675,13495,9439,6475,4460,3138,2056,1464,934,583,352,239,137,90,70,30,30,16,14,5,2,2,2,1,1,0,1,1,2],