{"_runtime":332.523911639,"l0_sparsity":3282.0068359375,"_timestamp":1.760206314274129e+09,"_step":7400,"loss":37345.5703125,"recon_loss":14741.755859375,"sparsity_loss":22603.81640625,"_wandb":{"runtime":332}}