{"_wandb":{"runtime":307},"_runtime":307.349168701,"_timestamp":1.7602066444452953e+09,"_step":6900,"loss":25614.94140625,"recon_loss":9714.984375,"sparsity_loss":15899.95703125,"l0_sparsity":2093.91845703125}