{"l0_sparsity":285.19287109375,"_runtime":4599.335910092,"l1_coeff":0.8,"sparsity_loss":774.8637084960938,"_step":24900,"gradients/b_dec":{"values":[1,2,1,2,0,0,0,0,1,0,1,0,0,1,0,1,0,1,1,0,1,0,3,2,1,2,4,6,12,19,56,93,219,348,700,946,1218,1396,1354,1046,778,455,255,146,76,37,13,8,2,0,0,2,1,0,0,0,2,0,0,0,0,1,1,1],"bins":[-0.2372090220451355,-0.230911523103714,-0.22461402416229248,-0.21831651031970978,-0.21201901137828827,-0.20572151243686676,-0.19942399859428406,-0.19312649965286255,-0.18682900071144104,-0.18053150177001953,-0.17423400282859802,-0.16793648898601532,-0.1616389900445938,-0.1553414911031723,-0.1490439772605896,-0.1427464783191681,-0.13644897937774658,-0.13015148043632507,-0.12385397404432297,-0.11755646765232086,-0.11125896871089935,-0.10496146976947784,-0.09866396337747574,-0.09236645698547363,-0.08606895804405212,-0.07977145910263062,-0.07347395271062851,-0.0671764463186264,-0.060878947377204895,-0.05458144471049309,-0.04828394204378128,-0.04198643937706947,-0.03568895161151886,-0.029391448944807053,-0.023093946278095245,-0.016796443611383438,-0.01049894094467163,-0.004201438277959824,0.0020960643887519836,0.008393567055463791,0.014691069722175598,0.020988572388887405,0.027286075055599213,0.03358357772231102,0.03988108038902283,0.046178583055734634,0.05247608572244644,0.05877358838915825,0.06507109105587006,0.07136858999729156,0.07766609638929367,0.08396360278129578,0.09026110172271729,0.0965586006641388,0.1028561070561409,0.109153613448143,0.11545111238956451,0.12174861133098602,0.12804612517356873,0.13434362411499023,0.14064112305641174,0.14693862199783325,0.15323612093925476,0.15953363478183746,0.16583113372325897],"_type":"histogram"},"gradients/W_dec":{"bins":[-0.23435428738594055,-0.2256331890821457,-0.21691210567951202,-0.20819100737571716,-0.1994699239730835,-0.19074882566928864,-0.18202772736549377,-0.1733066439628601,-0.16458554565906525,-0.15586444735527039,-0.14714336395263672,-0.13842226564884186,-0.129701167345047,-0.12098008394241333,-0.11225898563861847,-0.1035378947854042,-0.09481680393218994,-0.08609571307897568,-0.07737462222576141,-0.06865352392196655,-0.05993243306875229,-0.051211342215538025,-0.04249024763703346,-0.0337691530585289,-0.025048062205314636,-0.016326969489455223,-0.00760587677359581,0.0011152159422636032,0.009836308658123016,0.01855740137398243,0.027278494089841843,0.035999588668346405,0.04472064971923828,0.053441740572452545,0.06216283515095711,0.07088392972946167,0.07960502058267593,0.0883261114358902,0.09704720973968506,0.10576830059289932,0.11448939144611359,0.12321048229932785,0.13193157315254211,0.14065267145633698,0.14937376976013184,0.1580948531627655,0.16681595146656036,0.17553703486919403,0.1842581331729889,0.19297923147678375,0.20170031487941742,0.21042141318321228,0.21914249658584595,0.2278635948896408,0.23658469319343567,0.24530577659606934,0.2540268898010254,0.26274797320365906,0.2714690566062927,0.2801901400089264,0.28891125321388245,0.2976323366165161,0.3063534200191498,0.31507453322410583,0.3237956166267395],"_type":"histogram","values":[1,2,2,2,5,10,10,12,24,41,73,107,193,333,593,956,1847,3444,6791,14007,29288,66493,162450,458470,1.700224e+06,1.0818654e+07,2.06562624e+08,7.4089616e+07,6.323778e+06,1.176128e+06,345723,129091,53777,24332,11658,5900,3106,1611,964,496,298,165,124,62,36,25,20,12,11,4,2,6,4,1,1,1,0,0,0,0,0,0,0,1]},"loss":1315.1966552734375,"gradients/b_enc":{"_type":"histogram","values":[1,0,1,1,1,0,0,0,4,1,3,1,3,3,5,9,9,10,13,18,27,35,39,57,72,72,99,159,352,1503,7164,18068,4054,692,145,47,23,20,8,17,4,5,4,6,2,2,1,0,0,2,0,2,0,1,1,0,0,1,0,0,0,0,0,1],"bins":[-0.10665418952703476,-0.10325862467288971,-0.09986306726932526,-0.0964675024151802,-0.09307193756103516,-0.0896763801574707,-0.08628081530332565,-0.0828852504491806,-0.07948969304561615,-0.0760941281914711,-0.07269856333732605,-0.069302998483181,-0.06590744107961655,-0.0625118762254715,-0.059116315096616745,-0.055720750242471695,-0.05232518911361694,-0.04892962798476219,-0.04553406313061714,-0.04213850200176239,-0.03874293714761734,-0.03534737601876259,-0.03195181488990784,-0.028556251898407936,-0.025160688906908035,-0.021765125915408134,-0.018369562923908234,-0.014974001795053482,-0.011578438803553581,-0.00818287581205368,-0.004787313751876354,-0.0013917512260377407,0.002003803849220276,0.005399366375058889,0.008794928900897503,0.012190490961074829,0.01558605395257473,0.01898161694407463,0.022377178072929382,0.025772741064429283,0.029168304055929184,0.032563865184783936,0.035959430038928986,0.03935499116778374,0.04275055229663849,0.04614611715078354,0.04954167827963829,0.05293724313378334,0.05633280426263809,0.059728365391492844,0.0631239265203476,0.06651949137449265,0.0699150562286377,0.07331061363220215,0.0767061784863472,0.08010174334049225,0.0834973007440567,0.08689286559820175,0.0902884304523468,0.09368399530649185,0.0970795527100563,0.10047511756420135,0.1038706824183464,0.10726623982191086,0.11066180467605591]},"_wandb":{"runtime":4599},"_timestamp":1.760298897430318e+09,"W_dec_norm":130.95872497558594,"dead_features":3787,"gradients/W_enc":{"values":[1,0,3,2,2,2,7,7,4,5,9,13,18,19,35,25,61,69,129,182,278,491,853,1491,2771,5232,10500,22430,54228,158991,632045,3.0305932e+07,2.69372e+08,1.05748e+06,228582,74597,30984,14337,7005,3631,1967,1054,593,344,159,91,50,31,16,16,12,8,7,3,4,3,4,0,2,0,1,1,1,2],"bins":[-0.8029078245162964,-0.7779389023780823,-0.7529699802398682,-0.7280011177062988,-0.7030321955680847,-0.6780632734298706,-0.6530944108963013,-0.6281254887580872,-0.603156566619873,-0.5781876444816589,-0.5532187223434448,-0.5282498598098755,-0.5032809376716614,-0.47831201553344727,-0.45334312319755554,-0.4283742308616638,-0.4034053087234497,-0.3784363865852356,-0.35346749424934387,-0.32849860191345215,-0.30352967977523804,-0.2785607576370239,-0.2535918653011322,-0.22862295806407928,-0.20365405082702637,-0.17868514358997345,-0.15371623635292053,-0.12874732911586761,-0.1037784218788147,-0.07880951464176178,-0.05384060740470886,-0.028871700167655945,-0.0039028525352478027,0.021066054701805115,0.04603496193885803,0.07100386917591095,0.09597277641296387,0.12094168365001678,0.1459105908870697,0.17087949812412262,0.19584840536117554,0.22081731259822845,0.24578621983528137,0.2707551121711731,0.2957240343093872,0.3206929564476013,0.34566184878349304,0.37063074111938477,0.3955996632575989,0.420568585395813,0.4455374777317047,0.47050637006759644,0.49547529220581055,0.5204442143440247,0.5454131364822388,0.5703819990158081,0.5953509211540222,0.6203198432922363,0.6452887058258057,0.6702576279640198,0.6952265501022339,0.720195472240448,0.7451643943786621,0.7701332569122314,0.7951021790504456],"_type":"histogram"},"recon_loss":695.3056640625,"lr":5e-05}