{"_step":6200,"gradients/W_dec":{"bins":[-5.34375,-5.16357421875,-4.9833984375,-4.80322265625,-4.623046875,-4.44287109375,-4.2626953125,-4.08251953125,-3.90234375,-3.72216796875,-3.5419921875,-3.36181640625,-3.181640625,-3.00146484375,-2.8212890625,-2.64111328125,-2.4609375,-2.28076171875,-2.1005859375,-1.92041015625,-1.740234375,-1.56005859375,-1.3798828125,-1.19970703125,-1.01953125,-0.83935546875,-0.6591796875,-0.47900390625,-0.298828125,-0.11865234375,0.0615234375,0.24169921875,0.421875,0.60205078125,0.7822265625,0.96240234375,1.142578125,1.32275390625,1.5029296875,1.68310546875,1.86328125,2.04345703125,2.2236328125,2.40380859375,2.583984375,2.76416015625,2.9443359375,3.12451171875,3.3046875,3.48486328125,3.6650390625,3.84521484375,4.025390625,4.20556640625,4.3857421875,4.56591796875,4.74609375,4.92626953125,5.1064453125,5.28662109375,5.466796875,5.64697265625,5.8271484375,6.00732421875,6.1875],"_type":"histogram","values":[2,1,0,0,1,1,0,4,6,6,9,18,23,26,44,37,56,90,152,181,224,333,513,922,1614,3461,8916,29961,147713,3.3554432e+07,314536,41584,11248,3643,1518,788,453,266,180,133,90,80,48,35,35,27,10,10,11,3,7,4,3,2,3,1,1,2,1,0,0,0,1,2]},"_timestamp":1.7602432531971073e+09,"l1_coeff":0.8,"l0_sparsity":3188.65283203125,"lr":2e-05,"gradients/W_enc":{"_type":"histogram","values":[3,7,14,29,45,87,199,242,414,747,1011,1696,2649,3484,5838,7771,13111,18113,26197,38595,60948,86904,132157,205004,342882,537269,915753,1.519208e+06,2.832926e+06,7.074383e+06,3.3554432e+07,3.3554432e+07,3.3554432e+07,1.6238668e+07,4.490461e+06,2.275022e+06,1.356875e+06,800359,511030,307995,211276,129558,86960,58217,41732,26697,18772,11698,9015,5986,3375,2330,1430,801,548,299,217,122,65,29,9,1,2,6],"bins":[-2.140625,-2.0732421875,-2.005859375,-1.9384765625,-1.87109375,-1.8037109375,-1.736328125,-1.6689453125,-1.6015625,-1.5341796875,-1.466796875,-1.3994140625,-1.33203125,-1.2646484375,-1.197265625,-1.1298828125,-1.0625,-0.9951171875,-0.927734375,-0.8603515625,-0.79296875,-0.7255859375,-0.658203125,-0.5908203125,-0.5234375,-0.4560546875,-0.388671875,-0.3212890625,-0.25390625,-0.1865234375,-0.119140625,-0.0517578125,0.015625,0.0830078125,0.150390625,0.2177734375,0.28515625,0.3525390625,0.419921875,0.4873046875,0.5546875,0.6220703125,0.689453125,0.7568359375,0.82421875,0.8916015625,0.958984375,1.0263671875,1.09375,1.1611328125,1.228515625,1.2958984375,1.36328125,1.4306640625,1.498046875,1.5654296875,1.6328125,1.7001953125,1.767578125,1.8349609375,1.90234375,1.9697265625,2.037109375,2.1044921875,2.171875]},"_wandb":{"runtime":689},"gradients/b_enc":{"values":[1,1,0,2,9,138,1476,6871,9067,4982,2467,1497,1026,785,604,541,453,393,332,319,262,238,182,153,113,119,108,94,79,63,54,44,36,33,30,22,31,14,16,13,11,8,15,10,5,9,8,7,2,5,2,2,1,4,3,1,2,0,1,1,0,1,0,2],"bins":[-0.1904296875,-0.1554718017578125,-0.120513916015625,-0.0855560302734375,-0.05059814453125,-0.0156402587890625,0.019317626953125,0.0542755126953125,0.0892333984375,0.1241912841796875,0.159149169921875,0.1941070556640625,0.22906494140625,0.2640228271484375,0.298980712890625,0.3339385986328125,0.368896484375,0.4038543701171875,0.438812255859375,0.4737701416015625,0.50872802734375,0.5436859130859375,0.578643798828125,0.6136016845703125,0.6485595703125,0.6835174560546875,0.718475341796875,0.7534332275390625,0.78839111328125,0.8233489990234375,0.858306884765625,0.8932647705078125,0.92822265625,0.9631805419921875,0.998138427734375,1.0330963134765625,1.06805419921875,1.1030120849609375,1.137969970703125,1.1729278564453125,1.2078857421875,1.2428436279296875,1.277801513671875,1.3127593994140625,1.34771728515625,1.3826751708984375,1.417633056640625,1.4525909423828125,1.487548828125,1.5225067138671875,1.557464599609375,1.5924224853515625,1.62738037109375,1.6623382568359375,1.697296142578125,1.7322540283203125,1.7672119140625,1.8021697998046875,1.837127685546875,1.8720855712890625,1.90704345703125,1.9420013427734375,1.976959228515625,2.0119171142578125,2.046875],"_type":"histogram"},"recon_loss":4273.24169921875,"_runtime":689.18727012,"sparsity_loss":1877.32080078125,"dead_features":0,"loss":5775.0986328125,"gradients/b_dec":{"_type":"histogram","values":[4,0,2,1,0,4,4,1,2,2,6,9,9,11,21,21,37,40,36,54,87,108,129,164,234,296,470,500,680,713,823,770,710,694,586,508,351,286,220,165,121,83,64,50,23,28,20,16,9,6,9,5,10,5,0,1,3,0,0,3,0,1,0,1],"bins":[-0.58203125,-0.56378173828125,-0.5455322265625,-0.52728271484375,-0.509033203125,-0.49078369140625,-0.4725341796875,-0.45428466796875,-0.43603515625,-0.41778564453125,-0.3995361328125,-0.38128662109375,-0.363037109375,-0.34478759765625,-0.3265380859375,-0.30828857421875,-0.2900390625,-0.27178955078125,-0.2535400390625,-0.23529052734375,-0.217041015625,-0.19879150390625,-0.1805419921875,-0.16229248046875,-0.14404296875,-0.12579345703125,-0.1075439453125,-0.08929443359375,-0.071044921875,-0.05279541015625,-0.0345458984375,-0.01629638671875,0.001953125,0.02020263671875,0.0384521484375,0.05670166015625,0.074951171875,0.09320068359375,0.1114501953125,0.12969970703125,0.14794921875,0.16619873046875,0.1844482421875,0.20269775390625,0.220947265625,0.23919677734375,0.2574462890625,0.27569580078125,0.2939453125,0.31219482421875,0.3304443359375,0.34869384765625,0.366943359375,0.38519287109375,0.4034423828125,0.42169189453125,0.43994140625,0.45819091796875,0.4764404296875,0.49468994140625,0.512939453125,0.53118896484375,0.5494384765625,0.56768798828125,0.5859375]}}