{"_runtime":1.298688502,"hyperparams/lr":1e-08,"_step":0,"_wandb":{"runtime":1},"losses/loss":11935.1171875,"hyperparams/l1_coeff":0,"stats/W_dec_norm":5.016555309295654,"stats/l0_sparsity":7734.92333984375,"losses/recon_loss":11935.1171875,"_timestamp":1.7603006916930683e+09,"losses/sparsity_loss":1546.947021484375,"dead_features":0}