{"_step":49900,"loss":5244.451171875,"recon_loss":3478.770263671875,"sparsity_loss":1765.68115234375,"_wandb":{"runtime":2230},"_runtime":2230.014635796,"l0_sparsity":398.26904296875,"_timestamp":1.7602118008055162e+09}