{"gradients/b_dec":{"values":[1,0,0,0,0,0,0,0,0,0,0,2,0,0,0,0,2,3,5,3,5,5,5,20,17,20,35,37,44,65,113,152,231,366,488,649,841,920,993,925,849,674,533,380,239,168,118,78,65,36,28,18,20,14,17,7,2,6,3,6,4,2,0,2],"bins":[-0.51171875,-0.498504638671875,-0.48529052734375,-0.472076416015625,-0.4588623046875,-0.445648193359375,-0.43243408203125,-0.419219970703125,-0.406005859375,-0.392791748046875,-0.37957763671875,-0.366363525390625,-0.3531494140625,-0.339935302734375,-0.32672119140625,-0.313507080078125,-0.30029296875,-0.287078857421875,-0.27386474609375,-0.260650634765625,-0.2474365234375,-0.234222412109375,-0.22100830078125,-0.207794189453125,-0.194580078125,-0.181365966796875,-0.16815185546875,-0.154937744140625,-0.1417236328125,-0.128509521484375,-0.11529541015625,-0.102081298828125,-0.0888671875,-0.075653076171875,-0.06243896484375,-0.049224853515625,-0.0360107421875,-0.022796630859375,-0.00958251953125,0.003631591796875,0.016845703125,0.030059814453125,0.04327392578125,0.056488037109375,0.0697021484375,0.082916259765625,0.09613037109375,0.109344482421875,0.12255859375,0.135772705078125,0.14898681640625,0.162200927734375,0.1754150390625,0.188629150390625,0.20184326171875,0.215057373046875,0.228271484375,0.241485595703125,0.25469970703125,0.267913818359375,0.2811279296875,0.294342041015625,0.30755615234375,0.320770263671875,0.333984375],"_type":"histogram"},"_runtime":2368.327673783,"recon_loss":2622.0205078125,"gradients/W_dec":{"bins":[-4.625,-4.46728515625,-4.3095703125,-4.15185546875,-3.994140625,-3.83642578125,-3.6787109375,-3.52099609375,-3.36328125,-3.20556640625,-3.0478515625,-2.89013671875,-2.732421875,-2.57470703125,-2.4169921875,-2.25927734375,-2.1015625,-1.94384765625,-1.7861328125,-1.62841796875,-1.470703125,-1.31298828125,-1.1552734375,-0.99755859375,-0.83984375,-0.68212890625,-0.5244140625,-0.36669921875,-0.208984375,-0.05126953125,0.1064453125,0.26416015625,0.421875,0.57958984375,0.7373046875,0.89501953125,1.052734375,1.21044921875,1.3681640625,1.52587890625,1.68359375,1.84130859375,1.9990234375,2.15673828125,2.314453125,2.47216796875,2.6298828125,2.78759765625,2.9453125,3.10302734375,3.2607421875,3.41845703125,3.576171875,3.73388671875,3.8916015625,4.04931640625,4.20703125,4.36474609375,4.5224609375,4.68017578125,4.837890625,4.99560546875,5.1533203125,5.31103515625,5.46875],"_type":"histogram","values":[1,2,0,1,0,3,1,1,5,3,3,2,6,5,9,16,14,12,29,34,56,79,116,182,351,752,2047,8234,391431,3.3554432e+07,51211,4298,1353,536,288,154,101,78,44,27,21,18,16,5,6,6,5,3,1,4,2,3,0,3,2,0,1,0,0,1,1,2,0,1]},"sparsity_loss":1281.347900390625,"_wandb":{"runtime":2368},"gradients/b_enc":{"_type":"histogram","values":[1,2,7,8,87,29731,1416,576,340,192,127,84,45,39,32,19,6,11,10,7,2,2,4,2,4,2,2,0,0,2,1,0,1,1,1,1,1,0,0,0,0,0,0,0,0,0,0,0,1,0,0,0,0,0,0,0,0,0,0,0,0,0,0,1],"bins":[-0.1708984375,-0.1389312744140625,-0.106964111328125,-0.0749969482421875,-0.04302978515625,-0.0110626220703125,0.020904541015625,0.0528717041015625,0.0848388671875,0.1168060302734375,0.148773193359375,0.1807403564453125,0.21270751953125,0.2446746826171875,0.276641845703125,0.3086090087890625,0.340576171875,0.3725433349609375,0.404510498046875,0.4364776611328125,0.46844482421875,0.5004119873046875,0.532379150390625,0.5643463134765625,0.5963134765625,0.6282806396484375,0.660247802734375,0.6922149658203125,0.72418212890625,0.7561492919921875,0.788116455078125,0.8200836181640625,0.85205078125,0.8840179443359375,0.915985107421875,0.9479522705078125,0.97991943359375,1.0118865966796875,1.043853759765625,1.0758209228515625,1.1077880859375,1.1397552490234375,1.171722412109375,1.2036895751953125,1.23565673828125,1.2676239013671875,1.299591064453125,1.3315582275390625,1.363525390625,1.3954925537109375,1.427459716796875,1.4594268798828125,1.49139404296875,1.5233612060546875,1.555328369140625,1.5872955322265625,1.6192626953125,1.6512298583984375,1.683197021484375,1.7151641845703125,1.74713134765625,1.7790985107421875,1.811065673828125,1.8430328369140625,1.875]},"_timestamp":1.7602320626506727e+09,"gradients/W_enc":{"_type":"histogram","values":[2,2,0,2,4,7,4,8,11,17,41,50,41,63,80,125,188,264,380,499,785,1125,1484,2115,3461,5299,10028,18434,41077,105484,361771,1.63134e+06,2.9124212e+07,3.3554432e+07,2.372749e+06,494017,138170,51102,23685,12208,6982,4099,2660,1746,1303,965,696,464,302,218,150,125,104,84,41,26,19,20,9,5,3,3,3,1],"bins":[-1.6484375,-1.5986328125,-1.548828125,-1.4990234375,-1.44921875,-1.3994140625,-1.349609375,-1.2998046875,-1.25,-1.2001953125,-1.150390625,-1.1005859375,-1.05078125,-1.0009765625,-0.951171875,-0.9013671875,-0.8515625,-0.8017578125,-0.751953125,-0.7021484375,-0.65234375,-0.6025390625,-0.552734375,-0.5029296875,-0.453125,-0.4033203125,-0.353515625,-0.3037109375,-0.25390625,-0.2041015625,-0.154296875,-0.1044921875,-0.0546875,-0.0048828125,0.044921875,0.0947265625,0.14453125,0.1943359375,0.244140625,0.2939453125,0.34375,0.3935546875,0.443359375,0.4931640625,0.54296875,0.5927734375,0.642578125,0.6923828125,0.7421875,0.7919921875,0.841796875,0.8916015625,0.94140625,0.9912109375,1.041015625,1.0908203125,1.140625,1.1904296875,1.240234375,1.2900390625,1.33984375,1.3896484375,1.439453125,1.4892578125,1.5390625]},"_step":21300,"loss":3903.368408203125,"l0_sparsity":277.6796875,"dead_features":8971,"lr":5e-05}