{"sparsity_loss":1311.193359375,"l0_sparsity":356.5849609375,"_timestamp":1.7602075808658674e+09,"_step":20000,"loss":3792.20751953125,"recon_loss":2481.01416015625,"_wandb":{"runtime":890},"_runtime":890.191783994}