{"_step":10800,"recon_loss":3168.041015625,"sparsity_loss":3810.359375,"l1_coeff":0.8,"_timestamp":1.7602425247272496e+09,"_runtime":1187.311303773,"l0_sparsity":1352.56689453125,"gradients/W_enc":{"_type":"histogram","values":[2,4,2,13,15,21,46,58,81,96,129,174,171,227,343,468,652,807,1247,1518,2229,2817,4322,6158,9722,15428,25519,43878,82057,174044,462098,1.719061e+06,1.4646891e+07,3.3554432e+07,4.075672e+06,902094,293301,125542,62160,35275,20227,12192,7468,5188,3411,2504,1780,1475,963,678,483,319,279,238,171,128,110,83,61,29,23,5,5,3],"bins":[-1.7578125,-1.7049560546875,-1.652099609375,-1.5992431640625,-1.54638671875,-1.4935302734375,-1.440673828125,-1.3878173828125,-1.3349609375,-1.2821044921875,-1.229248046875,-1.1763916015625,-1.12353515625,-1.0706787109375,-1.017822265625,-0.9649658203125,-0.912109375,-0.8592529296875,-0.806396484375,-0.7535400390625,-0.70068359375,-0.6478271484375,-0.594970703125,-0.5421142578125,-0.4892578125,-0.4364013671875,-0.383544921875,-0.3306884765625,-0.27783203125,-0.2249755859375,-0.172119140625,-0.1192626953125,-0.06640625,-0.0135498046875,0.039306640625,0.0921630859375,0.14501953125,0.1978759765625,0.250732421875,0.3035888671875,0.3564453125,0.4093017578125,0.462158203125,0.5150146484375,0.56787109375,0.6207275390625,0.673583984375,0.7264404296875,0.779296875,0.8321533203125,0.885009765625,0.9378662109375,0.99072265625,1.0435791015625,1.096435546875,1.1492919921875,1.2021484375,1.2550048828125,1.307861328125,1.3607177734375,1.41357421875,1.4664306640625,1.519287109375,1.5721435546875,1.625]},"lr":5e-05,"_wandb":{"runtime":1187},"gradients/W_dec":{"_type":"histogram","values":[2,0,0,0,0,4,1,2,0,2,4,4,6,7,4,6,12,12,12,21,28,32,67,121,220,475,1031,2847,10905,119397,3.3554432e+07,3.869625e+06,58851,6755,1859,658,312,159,89,53,42,21,19,15,8,6,7,5,7,4,0,3,0,0,1,0,0,1,0,0,1,0,0,3],"bins":[-3.65625,-3.537841796875,-3.41943359375,-3.301025390625,-3.1826171875,-3.064208984375,-2.94580078125,-2.827392578125,-2.708984375,-2.590576171875,-2.47216796875,-2.353759765625,-2.2353515625,-2.116943359375,-1.99853515625,-1.880126953125,-1.76171875,-1.643310546875,-1.52490234375,-1.406494140625,-1.2880859375,-1.169677734375,-1.05126953125,-0.932861328125,-0.814453125,-0.696044921875,-0.57763671875,-0.459228515625,-0.3408203125,-0.222412109375,-0.10400390625,0.014404296875,0.1328125,0.251220703125,0.36962890625,0.488037109375,0.6064453125,0.724853515625,0.84326171875,0.961669921875,1.080078125,1.198486328125,1.31689453125,1.435302734375,1.5537109375,1.672119140625,1.79052734375,1.908935546875,2.02734375,2.145751953125,2.26416015625,2.382568359375,2.5009765625,2.619384765625,2.73779296875,2.856201171875,2.974609375,3.093017578125,3.21142578125,3.329833984375,3.4482421875,3.566650390625,3.68505859375,3.803466796875,3.921875]},"dead_features":0,"gradients/b_enc":{"bins":[-0.1923828125,-0.1650848388671875,-0.137786865234375,-0.1104888916015625,-0.08319091796875,-0.0558929443359375,-0.028594970703125,-0.0012969970703125,0.0260009765625,0.0532989501953125,0.080596923828125,0.1078948974609375,0.13519287109375,0.1624908447265625,0.189788818359375,0.2170867919921875,0.244384765625,0.2716827392578125,0.298980712890625,0.3262786865234375,0.35357666015625,0.3808746337890625,0.408172607421875,0.4354705810546875,0.4627685546875,0.4900665283203125,0.517364501953125,0.5446624755859375,0.57196044921875,0.5992584228515625,0.626556396484375,0.6538543701171875,0.68115234375,0.7084503173828125,0.735748291015625,0.7630462646484375,0.79034423828125,0.8176422119140625,0.844940185546875,0.8722381591796875,0.8995361328125,0.9268341064453125,0.954132080078125,0.9814300537109375,1.00872802734375,1.0360260009765625,1.063323974609375,1.0906219482421875,1.117919921875,1.1452178955078125,1.172515869140625,1.1998138427734375,1.22711181640625,1.2544097900390625,1.281707763671875,1.3090057373046875,1.3363037109375,1.3636016845703125,1.390899658203125,1.4181976318359375,1.44549560546875,1.4727935791015625,1.500091552734375,1.5273895263671875,1.5546875],"_type":"histogram","values":[2,3,8,20,58,164,5786,24576,1055,437,184,123,72,51,48,41,34,18,14,9,10,8,8,10,3,4,6,0,1,4,3,1,0,0,1,0,1,0,0,0,0,0,0,0,1,0,1,0,0,0,1,0,0,1,0,0,0,0,0,0,0,0,0,1]},"gradients/b_dec":{"bins":[-0.39453125,-0.383087158203125,-0.37164306640625,-0.360198974609375,-0.3487548828125,-0.337310791015625,-0.32586669921875,-0.314422607421875,-0.302978515625,-0.291534423828125,-0.28009033203125,-0.268646240234375,-0.2572021484375,-0.245758056640625,-0.23431396484375,-0.222869873046875,-0.21142578125,-0.199981689453125,-0.18853759765625,-0.177093505859375,-0.1656494140625,-0.154205322265625,-0.14276123046875,-0.131317138671875,-0.119873046875,-0.108428955078125,-0.09698486328125,-0.085540771484375,-0.0740966796875,-0.062652587890625,-0.05120849609375,-0.039764404296875,-0.0283203125,-0.016876220703125,-0.00543212890625,0.006011962890625,0.0174560546875,0.028900146484375,0.04034423828125,0.051788330078125,0.063232421875,0.074676513671875,0.08612060546875,0.097564697265625,0.1090087890625,0.120452880859375,0.13189697265625,0.143341064453125,0.15478515625,0.166229248046875,0.17767333984375,0.189117431640625,0.2005615234375,0.212005615234375,0.22344970703125,0.234893798828125,0.246337890625,0.257781982421875,0.26922607421875,0.280670166015625,0.2921142578125,0.303558349609375,0.31500244140625,0.326446533203125,0.337890625],"_type":"histogram","values":[1,0,0,0,0,1,2,0,2,1,4,5,4,5,2,11,7,13,12,10,27,35,47,76,98,128,176,238,293,413,461,620,697,783,810,751,699,598,569,408,342,234,170,129,93,66,42,44,22,19,14,4,8,6,4,3,4,1,1,1,0,1,0,1]},"loss":6216.32861328125}