{"_runtime":2688.599459538,"losses/preact_loss":192.46212890625,"hyperparams/lr":5e-05,"_wandb":{"runtime":2688},"gradients/b_enc":{"values":[1,0,0,0,0,1,1,2,1,0,1,0,0,1,2,3,2,5,9,12,26,55,119,303,862,3278,18110,6315,1815,720,390,238,140,98,71,48,39,14,20,12,9,7,6,7,8,1,4,2,1,0,0,0,0,0,2,1,2,0,0,1,0,0,1,2],"bins":[-0.08611634373664856,-0.08292467892169952,-0.07973302155733109,-0.07654135674238205,-0.07334969192743301,-0.07015803456306458,-0.06696636974811554,-0.0637747049331665,-0.060583047568798065,-0.05739138275384903,-0.05419972166419029,-0.051008060574531555,-0.04781639575958252,-0.04462473466992378,-0.041433073580265045,-0.03824140876531601,-0.03504974767565727,-0.031858086585998535,-0.02866642363369465,-0.025474760681390762,-0.022283099591732025,-0.01909143663942814,-0.015899773687124252,-0.01270811166614294,-0.009516449645161629,-0.006324787624180317,-0.003133125137537718,5.853711627423763e-05,0.003250199370086193,0.006441861391067505,0.009633524343371391,0.012825186364352703,0.016016848385334015,0.0192085113376379,0.02240017242729664,0.025591835379600525,0.028783496469259262,0.0319751612842083,0.035166822373867035,0.03835848346352577,0.04155014455318451,0.044741809368133545,0.04793347045779228,0.05112513154745102,0.054316796362400055,0.05750845745205879,0.06070011854171753,0.06389178335666656,0.0670834481716156,0.07027510553598404,0.07346677035093307,0.07665842771530151,0.07985009253025055,0.08304175734519958,0.08623341470956802,0.08942507952451706,0.0926167443394661,0.09580840170383453,0.09900006651878357,0.1021917313337326,0.10538338869810104,0.10857505351305008,0.11176671832799911,0.11495837569236755,0.11815004050731659],"_type":"histogram"},"losses/recon_loss":1038.16455078125,"losses/sparsity_loss":1877.4603271484375,"_timestamp":1.7603068778295825e+09,"stats/W_dec_norm":10.096088409423828,"_step":11400,"stats/l0_sparsity":4889.30029296875,"losses/loss":2732.594970703125,"gradients/b_dec":{"values":[1,0,0,2,0,2,2,3,9,5,14,28,28,35,52,47,62,86,107,154,167,203,226,265,283,317,352,401,409,430,463,465,484,419,429,379,387,352,379,309,218,214,207,139,140,121,104,77,65,47,30,22,29,5,14,8,11,3,2,1,0,1,1,1],"bins":[-0.2906501293182373,-0.2815853953361511,-0.27252066135406494,-0.26345589756965637,-0.2543911635875702,-0.245326429605484,-0.23626168072223663,-0.22719694674015045,-0.21813219785690308,-0.2090674638748169,-0.2000027298927307,-0.19093798100948334,-0.18187324702739716,-0.17280849814414978,-0.1637437641620636,-0.15467901527881622,-0.14561428129673004,-0.13654954731464386,-0.12748479843139648,-0.1184200569987297,-0.10935531556606293,-0.10029058158397675,-0.09122584015130997,-0.08216109871864319,-0.07309635728597641,-0.06403161585330963,-0.05496687442064285,-0.04590213671326637,-0.036837395280599594,-0.027772653847932816,-0.018707914277911186,-0.009643173776566982,-0.0005784332752227783,0.008486307226121426,0.01755104772746563,0.02661578729748726,0.03568052873015404,0.044745270162820816,0.053810007870197296,0.06287474930286407,0.07193949073553085,0.08100423216819763,0.09006897360086441,0.09913371503353119,0.10819844901561737,0.11726319044828415,0.12632793188095093,0.1353926807641983,0.14445741474628448,0.15352214872837067,0.16258689761161804,0.17165163159370422,0.1807163804769516,0.18978111445903778,0.19884586334228516,0.20791059732437134,0.21697533130645752,0.2260400801897049,0.23510481417179108,0.24416956305503845,0.25323429703712463,0.2622990310192108,0.2713637948036194,0.28042852878570557,0.28949326276779175],"_type":"histogram"},"hyperparams/l1_coeff":0.8,"gradients/log_threshold":{"bins":[-0.4374898672103882,-0.43002447485923767,-0.42255908250808716,-0.41509369015693665,-0.40762829780578613,-0.4001629054546356,-0.3926975131034851,-0.3852321207523346,-0.3777667284011841,-0.37030133605003357,-0.36283594369888306,-0.35537055134773254,-0.34790515899658203,-0.3404397666454315,-0.332974374294281,-0.3255089819431305,-0.31804358959198,-0.31057822704315186,-0.30311283469200134,-0.29564744234085083,-0.2881820499897003,-0.2807166576385498,-0.2732512652873993,-0.2657858729362488,-0.25832048058509827,-0.25085508823394775,-0.24338969588279724,-0.23592430353164673,-0.22845891118049622,-0.2209935188293457,-0.2135281264781952,-0.20606273412704468,-0.19859734177589417,-0.19113194942474365,-0.18366655707359314,-0.17620116472244263,-0.16873577237129211,-0.1612703800201416,-0.1538049876689911,-0.14633959531784058,-0.13887420296669006,-0.13140882551670074,-0.12394342571496964,-0.11647803336381912,-0.1090126484632492,-0.1015472561120987,-0.09408186376094818,-0.08661647140979767,-0.07915107905864716,-0.07168568670749664,-0.06422029435634613,-0.056754905730485916,-0.0492895133793354,-0.04182412102818489,-0.034358732402324677,-0.026893340051174164,-0.01942794770002365,-0.011962556280195713,-0.004497164860367775,0.002968226559460163,0.010433617979288101,0.017899010330438614,0.025364400818943977,0.03282979130744934,0.040295183658599854],"_type":"histogram","values":[1,0,0,0,0,1,0,0,1,1,0,0,0,1,0,0,0,0,1,2,3,2,1,1,3,2,9,9,9,6,10,6,12,7,12,16,29,33,41,44,66,71,89,91,135,196,244,334,431,564,881,1375,1787,2184,2693,4626,6389,9939,401,6,1,1,0,1]},"gradients/W_dec":{"_type":"histogram","values":[2,0,2,2,0,1,3,6,13,16,21,35,69,105,180,321,551,1142,2099,4122,8671,19278,46354,117356,312503,867107,2.358549e+06,6.019624e+06,1.397944e+07,2.8706808e+07,5.9649192e+07,1.00033592e+08,4.6375536e+07,2.3955284e+07,1.1544976e+07,4.926098e+06,1.92265e+06,711625,260810,96760,37905,16071,7282,3627,1791,983,568,285,163,106,54,48,22,15,6,7,4,3,2,1,2,1,0,1],"bins":[-1.2874975204467773,-1.2464301586151123,-1.2053629159927368,-1.1642955541610718,-1.1232283115386963,-1.0821609497070312,-1.0410935878753662,-1.0000263452529907,-0.9589589834213257,-0.9178916811943054,-0.8768243789672852,-0.8357570171356201,-0.7946897149085999,-0.7536224126815796,-0.7125550508499146,-0.6714877486228943,-0.630420446395874,-0.5893531441688538,-0.5482858419418335,-0.5072184801101685,-0.4661511778831482,-0.42508387565612793,-0.3840165436267853,-0.3429492115974426,-0.30188190937042236,-0.2608146071434021,-0.21974727511405945,-0.178679957985878,-0.13761264085769653,-0.09654532372951508,-0.05547800660133362,-0.01441068947315216,0.026656746864318848,0.0677240639925003,0.10879138112068176,0.14985869824886322,0.19092601537704468,0.23199333250522614,0.2730606496334076,0.31412798166275024,0.3551952838897705,0.39626258611679077,0.4373299181461334,0.4783972501754761,0.5194645524024963,0.5605318546295166,0.6015992164611816,0.6426665186882019,0.6837338209152222,0.7248011231422424,0.7658684253692627,0.8069357872009277,0.848003089427948,0.8890703916549683,0.9301377534866333,0.9712050557136536,1.0122723579406738,1.0533397197723389,1.0944069623947144,1.1354743242263794,1.1765415668487549,1.21760892868042,1.258676290512085,1.2997435331344604,1.3408108949661255]},"stats/dead_features":0,"gradients/W_enc":{"values":[1,3,6,2,4,7,4,9,16,12,17,24,22,27,26,68,106,208,411,1023,1993,4111,8475,19420,54444,196089,1.374757e+06,2.82514336e+08,1.699648e+07,614105,125730,40674,15556,7594,4046,2122,1097,527,256,189,123,73,77,56,58,30,23,20,12,9,3,4,7,10,9,8,5,2,5,3,5,4,3,5],