{"hyperparams/l1_coeff":0.768,"gradients/W_dec":{"_type":"histogram","values":[1,0,0,1,0,2,0,3,3,10,10,29,41,53,103,155,244,381,653,1057,1747,3132,5539,10490,20090,43811,111157,389798,2.197332e+06,1.7334764e+07,9.9178864e+07,1.41664992e+08,3.5489236e+07,4.577429e+06,681888,165682,58941,26223,12652,6604,3717,2064,1244,746,454,275,149,110,67,33,18,17,9,5,4,1,0,2,0,0,0,0,0,1],"bins":[-0.5150595307350159,-0.49853965640068054,-0.4820197820663452,-0.4654998779296875,-0.4489800035953522,-0.43246012926101685,-0.41594022512435913,-0.3994203507900238,-0.3829004764556885,-0.36638060212135315,-0.3498607277870178,-0.3333408236503601,-0.3168209493160248,-0.30030107498168945,-0.28378117084503174,-0.2672612965106964,-0.2507414221763611,-0.23422154784202576,-0.21770165860652924,-0.20118176937103271,-0.1846618950366974,-0.16814202070236206,-0.15162213146686554,-0.13510224223136902,-0.11858236789703369,-0.10206248611211777,-0.08554260432720184,-0.06902272254228592,-0.052502840757369995,-0.03598295897245407,-0.019463077187538147,-0.002943195402622223,0.013576686382293701,0.030096568167209625,0.04661644995212555,0.06313633173704147,0.0796562135219574,0.09617609530687332,0.11269597709178925,0.12921586632728577,0.1457357406616211,0.16225561499595642,0.17877550423145294,0.19529539346694946,0.2118152678012848,0.22833514213562012,0.24485503137111664,0.26137492060661316,0.2778947949409485,0.2944146692752838,0.31093454360961914,0.32745444774627686,0.3439743220806122,0.3604941964149475,0.3770141005516052,0.39353397488594055,0.4100538492202759,0.4265737235546112,0.44309359788894653,0.45961350202560425,0.4761333763599396,0.4926532506942749,0.5091731548309326,0.5256929993629456,0.5422129034996033]},"_step":2400,"_wandb":{"runtime":578},"hyperparams/lr":2.4010000000000002e-05,"losses/loss":2064.48193359375,"losses/recon_loss":954.1339111328125,"stats/dead_features":0,"stats/W_dec_norm":25.47675895690918,"losses/preact_loss":5.084560990333557e-06,"gradients/b_enc":{"values":[2,3,1,1,0,3,3,4,3,3,9,7,4,4,7,11,9,11,8,12,14,22,26,25,38,29,50,82,127,210,445,903,1599,2598,3768,4628,4908,4386,3316,2211,1396,816,451,254,152,54,49,22,19,16,8,4,9,6,6,4,4,2,1,0,1,0,1,3],"bins":[-0.014119705185294151,-0.013723129406571388,-0.01332655269652605,-0.012929976917803288,-0.01253340020775795,-0.012136824429035187,-0.011740247718989849,-0.011343671940267086,-0.010947095230221748,-0.010550519451498985,-0.010153943672776222,-0.009757366962730885,-0.009360791184008121,-0.008964214473962784,-0.00856763869524002,-0.008171061985194683,-0.00777448620647192,-0.00737790996208787,-0.006981333717703819,-0.006584757473319769,-0.0061881812289357185,-0.0057916054502129555,-0.005395029205828905,-0.004998452961444855,-0.004601876717060804,-0.004205300472676754,-0.0038087242282927036,-0.003412148216739297,-0.0030155719723552465,-0.002618995727971196,-0.0022224197164177895,-0.001825843472033739,-0.0014292672276496887,-0.0010326909832656384,-0.0006361148552969098,-0.00023953866912052035,0.0001570375170558691,0.0005536137032322586,0.000950189889408648,0.0013467660173773766,0.001743342261761427,0.0021399185061454773,0.0025364947505295277,0.0029330707620829344,0.0033296470064669847,0.003726223250851035,0.004122799262404442,0.004519375506788492,0.004915951751172543,0.005312527995556593,0.005709104239940643,0.006105680484324694,0.006502256728708744,0.006898832507431507,0.0072954087518155575,0.007691984996199608,0.008088560774922371,0.008485137484967709,0.008881713263690472,0.00927828997373581,0.009674865752458572,0.01007144246250391,0.010468018241226673,0.01086459495127201,0.011261170729994774],"_type":"histogram"},"_runtime":578.298472575,"_timestamp":1.7603037928044348e+09,"losses/sparsity_loss":1445.765625,"gradients/W_enc":{"_type":"histogram","values":[5,8,8,14,13,11,15,20,21,26,50,47,54,50,66,83,87,93,117,125,174,252,309,389,728,1296,2696,6218,13701,29098,60261,126631,317556,1.80814e+06,4.8546796e+07,2.2133296e+08,2.8134138e+07,1.165226e+06,249342,103390,48927,22839,10438,4694,2001,900,505,340,215,136,112,102,89,47,39,21,14,18,13,6,8,4,1,2],"bins":[-0.1025233119726181,-0.09962870925664902,-0.09673409909009933,-0.09383949637413025,-0.09094488620758057,-0.08805028349161148,-0.0851556807756424,-0.08226107060909271,-0.07936646789312363,-0.07647186517715454,-0.07357725501060486,-0.07068265229463577,-0.06778804957866669,-0.064893439412117,-0.06199883669614792,-0.059104230254888535,-0.05620962381362915,-0.053315017372369766,-0.05042041093111038,-0.047525808215141296,-0.04463120177388191,-0.04173659533262253,-0.03884199261665344,-0.03594738617539406,-0.033052779734134674,-0.03015817329287529,-0.027263568714261055,-0.02436896413564682,-0.021474357694387436,-0.018579751253128052,-0.015685146674513817,-0.012790541164577007,-0.009895943105220795,-0.007001337595283985,-0.004106732085347176,-0.001212126575410366,0.0016824789345264435,0.004577084444463253,0.0074716899544000626,0.010366295464336872,0.013260900974273682,0.016155507415533066,0.0190501119941473,0.021944716572761536,0.02483932301402092,0.027733929455280304,0.03062853403389454,0.033523138612508774,0.03641774505376816,0.03931235149502754,0.042206957936286926,0.04510156065225601,0.047996167093515396,0.05089077353477478,0.053785376250743866,0.05667998269200325,0.059574589133262634,0.06246919557452202,0.0653638020157814,0.06825840473175049,0.07115301489830017,0.07404761761426926,0.07694222033023834,0.07983683049678802,0.08273143321275711]},"stats/l0_sparsity":1122.72314453125,"gradients/log_threshold":{"values":[1,0,0,0,0,0,1,0,0,0,1,0,0,0,0,0,2,0,0,2,1,3,1,0,2,3,4,4,3,8,5,10,8,10,16,10,13,21,20,27,30,34,37,41,55,58,64,76,88,116,121,123,156,207,204,263,258,347,421,559,1363,6888,18979,2104],"bins":[-0.13448482751846313,-0.13236334919929504,-0.13024187088012695,-0.12812037765979767,-0.12599889934062958,-0.12387742102146149,-0.1217559427022934,-0.1196344643831253,-0.11751297861337662,-0.11539150029420853,-0.11327002197504044,-0.11114853620529175,-0.10902705788612366,-0.10690557956695557,-0.10478409379720688,-0.10266261547803879,-0.1005411297082901,-0.09841965138912201,-0.09629817306995392,-0.09417668730020523,-0.09205520898103714,-0.08993373066186905,-0.08781224489212036,-0.08569076657295227,-0.08356928825378418,-0.08144780248403549,-0.0793263241648674,-0.07720484584569931,-0.07508336007595062,-0.07296188175678253,-0.07084040343761444,-0.06871891766786575,-0.06659743934869766,-0.06447595357894897,-0.062354475259780884,-0.060232993215322495,-0.058111514896154404,-0.055990032851696014,-0.053868550807237625,-0.051747072488069534,-0.049625590443611145,-0.047504108399152756,-0.045382630079984665,-0.043261148035526276,-0.041139665991067886,-0.0390181839466095,-0.036896705627441406,-0.03477522358298302,-0.03265374153852463,-0.030532263219356537,-0.028410781174898148,-0.026289300993084908,-0.024167818948626518,-0.022046338766813278,-0.019924858585000038,-0.01780337654054165,-0.01568189635872841,-0.013560415245592594,-0.01143893413245678,-0.00931745395064354,-0.007195972837507725,-0.00507449172437191,-0.002953010844066739,-0.0008315299637615681,0.001289950916543603],"_type":"histogram"},