{"gradients/W_dec":{"values":[1,0,0,0,0,0,0,0,1,2,2,11,8,9,15,25,22,50,51,117,134,203,344,614,1170,2305,5166,11673,27676,73579,230996,930109,6.408714e+06,2.02185696e+08,8.66e+07,4.483109e+06,731205,190235,62423,23864,9992,4531,2097,1066,564,338,196,109,61,48,41,31,16,16,6,9,8,1,4,2,1,1,0,2],"bins":[-0.41065648198127747,-0.39855119585990906,-0.38644587993621826,-0.37434059381484985,-0.36223530769348145,-0.35012999176979065,-0.33802470564842224,-0.32591938972473145,-0.31381410360336304,-0.30170881748199463,-0.28960350155830383,-0.2774982154369354,-0.26539289951324463,-0.2532876133918762,-0.2411823272705078,-0.2290770262479782,-0.2169717252254486,-0.204866424202919,-0.1927611231803894,-0.180655837059021,-0.1685505360364914,-0.1564452350139618,-0.14433994889259338,-0.13223464787006378,-0.12012934684753418,-0.10802404582500458,-0.09591875225305557,-0.08381345868110657,-0.07170815765857697,-0.05960286036133766,-0.04749756306409836,-0.035392265766859055,-0.023286938667297363,-0.01118164137005806,0.0009236559271812439,0.013028953224420547,0.02513425052165985,0.037239547818899155,0.04934484511613846,0.06145014241337776,0.07355543971061707,0.08566074073314667,0.09776603430509567,0.10987132787704468,0.12197662889957428,0.13408192992210388,0.1461872160434723,0.1582925170660019,0.1703978180885315,0.1825031191110611,0.1946084201335907,0.2067137062549591,0.2188190072774887,0.2309243083000183,0.24302959442138672,0.2551349103450775,0.2672401964664459,0.27934548258781433,0.2914507985115051,0.30355608463287354,0.31566137075424194,0.32776668667793274,0.33987197279930115,0.35197728872299194,0.36408257484436035],"_type":"histogram"},"losses/sparsity_loss":757.7840576171875,"_wandb":{"runtime":2329},"losses/loss":1411.408935546875,"hyperparams/lr":5e-05,"losses/recon_loss":805.181640625,"_runtime":2329.306656174,"gradients/W_enc":{"bins":[-0.4835578501224518,-0.4690805971622467,-0.45460331439971924,-0.44012606143951416,-0.4256488084793091,-0.411171555519104,-0.39669427275657654,-0.38221701979637146,-0.3677397668361664,-0.3532624840736389,-0.33878523111343384,-0.32430797815322876,-0.3098307251930237,-0.2953534424304962,-0.28087618947029114,-0.26639893651008606,-0.2519216537475586,-0.23744440078735352,-0.22296714782714844,-0.20848987996578217,-0.1940126270055771,-0.17953535914421082,-0.16505810618400574,-0.15058083832263947,-0.1361035704612732,-0.12162631750106812,-0.10714905709028244,-0.09267179667949677,-0.0781945288181305,-0.06371726840734482,-0.04924000799655914,-0.03476274758577347,-0.020285487174987793,-0.005808225832879543,0.008669035509228706,0.02314629778265953,0.037623558193445206,0.05210081860423088,0.06657808274030685,0.08105534315109253,0.0955326035618782,0.11000986397266388,0.12448712438344955,0.13896438479423523,0.1534416526556015,0.16791890561580658,0.18239617347717285,0.19687342643737793,0.2113506942987442,0.22582796216011047,0.24030521512031555,0.25478246808052063,0.2692597508430481,0.2837370038032532,0.29821425676345825,0.31269150972366333,0.3271687924861908,0.3416460454463959,0.35612329840660095,0.3706005811691284,0.3850778341293335,0.3995550870895386,0.41403234004974365,0.4285096228122711,0.4429868757724762],"_type":"histogram","values":[2,2,0,2,4,0,2,2,1,2,3,3,3,5,8,10,13,32,34,64,89,109,172,228,418,1143,3199,8653,21481,50384,125008,354874,6.283315e+06,2.92337856e+08,2.33251e+06,288651,111779,44685,17625,7288,2692,984,441,314,247,191,165,145,105,88,86,59,42,33,21,12,5,6,1,0,1,1,1,2]},"stats/W_dec_norm":104.94161987304688,"_timestamp":1.7603032000176692e+09,"stats/l0_sparsity":137.642578125,"stats/dead_features":4132,"gradients/log_threshold":{"_type":"histogram","values":[1,0,0,0,0,0,0,0,0,0,0,0,0,0,0,1,1,0,0,0,0,0,0,0,0,0,0,1,0,0,1,0,2,2,0,2,1,3,0,0,7,2,5,2,0,4,8,19,40,75,108,133,3583,27119,1495,121,17,9,3,0,1,0,1,1],"bins":[-0.16357654333114624,-0.16049784421920776,-0.1574191451072693,-0.1543404459953308,-0.15126174688339233,-0.14818306267261505,-0.14510436356067657,-0.1420256644487381,-0.13894696533679962,-0.13586826622486115,-0.13278956711292267,-0.1297108680009842,-0.12663216888904572,-0.12355347722768784,-0.12047477811574936,-0.11739607900381088,-0.114317387342453,-0.11123868823051453,-0.10815998911857605,-0.10508129000663757,-0.1020025908946991,-0.09892389923334122,-0.09584520012140274,-0.09276650100946426,-0.08968780189752579,-0.08660910278558731,-0.08353041112422943,-0.08045171201229095,-0.07737301290035248,-0.074294313788414,-0.07121562212705612,-0.06813692301511765,-0.06505822390317917,-0.06197952479124069,-0.058900829404592514,-0.05582213029265404,-0.05274343490600586,-0.04966473579406738,-0.046586040407419205,-0.04350734129548073,-0.04042864590883255,-0.037349946796894073,-0.0342712476849556,-0.03119255229830742,-0.028113853186368942,-0.025035155937075615,-0.021956458687782288,-0.01887776143848896,-0.015799064189195633,-0.012720366939902306,-0.009641669690608978,-0.006562971509993076,-0.003484274260699749,-0.000405576778575778,0.002673120703548193,0.005751818418502808,0.008830515667796135,0.011909212917089462,0.01498791016638279,0.018066607415676117,0.021145306527614594,0.02422400377690792,0.027302701026201248,0.030381398275494576,0.0334600955247879]},"gradients/b_dec":{"_type":"histogram","values":[4,0,0,1,2,0,1,0,0,0,0,1,0,1,0,0,1,1,0,0,2,0,2,1,2,0,2,8,15,47,123,239,351,559,752,959,1040,1190,1066,898,725,525,345,186,93,38,16,5,4,1,1,0,0,1,3,1,0,1,0,2,0,0,0,1],"bins":[-0.19554078578948975,-0.19033034145832062,-0.1851198822259903,-0.17990943789482117,-0.17469897866249084,-0.16948853433132172,-0.1642780750989914,-0.15906763076782227,-0.15385717153549194,-0.14864672720432281,-0.1434362679719925,-0.13822582364082336,-0.13301536440849304,-0.1278049200773239,-0.12259446829557419,-0.11738401651382446,-0.11217356473207474,-0.10696311295032501,-0.10175266116857529,-0.09654220938682556,-0.09133175760507584,-0.08612130582332611,-0.08091085404157639,-0.07570040225982666,-0.07048995792865753,-0.0652795061469078,-0.06006905063986778,-0.05485859885811806,-0.04964815080165863,-0.044437699019908905,-0.03922724723815918,-0.034016795456409454,-0.02880634367465973,-0.023595891892910004,-0.01838544011116028,-0.013174990192055702,-0.007964538410305977,-0.002754087094217539,0.002456364221870899,0.007666815537959337,0.012877266854047775,0.0180877186357975,0.023298170417547226,0.028508620336651802,0.03371907025575638,0.038929522037506104,0.04413997381925583,0.049350425601005554,0.05456087738275528,0.059771329164505005,0.06498178094625473,0.07019223272800446,0.07540268450975418,0.0806131362915039,0.08582358807325363,0.09103403985500336,0.09624448418617249,0.10145493596792221,0.10666538774967194,0.11187583953142166,0.11708629131317139,0.12229674309492111,0.12750719487667084,0.13271765410900116,0.1379280984401703]},"hyperparams/l1_coeff":0.8,