{"stats/l0_sparsity":7734.92333984375,"losses/loss":11939.330078125,"_wandb":{"runtime":18},"losses/recon_loss":11935.1171875,"hyperparams/lr":1e-08,"losses/sparsity_loss":1546.947021484375,"_runtime":18.284011606,"hyperparams/l1_coeff":0,"_step":0,"_timestamp":1.7603117310065858e+09,"stats/dead_features":0,"stats/W_dec_norm":5.016555309295654,"losses/preact_loss":4.2132998046875}