{"_runtime":1409.222259776,"gradients/b_dec":{"_type":"histogram","values":[1,0,0,2,0,2,0,1,3,3,1,1,5,8,10,11,18,19,33,25,44,56,91,120,171,229,340,449,549,681,817,815,846,818,700,614,445,317,262,200,148,92,65,55,33,32,23,13,14,5,6,3,4,8,2,1,0,1,1,1,0,0,1,1],"bins":[-0.40234375,-0.38983154296875,-0.3773193359375,-0.36480712890625,-0.352294921875,-0.33978271484375,-0.3272705078125,-0.31475830078125,-0.30224609375,-0.28973388671875,-0.2772216796875,-0.26470947265625,-0.252197265625,-0.23968505859375,-0.2271728515625,-0.21466064453125,-0.2021484375,-0.18963623046875,-0.1771240234375,-0.16461181640625,-0.152099609375,-0.13958740234375,-0.1270751953125,-0.11456298828125,-0.10205078125,-0.08953857421875,-0.0770263671875,-0.06451416015625,-0.052001953125,-0.03948974609375,-0.0269775390625,-0.01446533203125,-0.001953125,0.01055908203125,0.0230712890625,0.03558349609375,0.048095703125,0.06060791015625,0.0731201171875,0.08563232421875,0.09814453125,0.11065673828125,0.1231689453125,0.13568115234375,0.148193359375,0.16070556640625,0.1732177734375,0.18572998046875,0.1982421875,0.21075439453125,0.2232666015625,0.23577880859375,0.248291015625,0.26080322265625,0.2733154296875,0.28582763671875,0.29833984375,0.31085205078125,0.3233642578125,0.33587646484375,0.348388671875,0.36090087890625,0.3734130859375,0.38592529296875,0.3984375]},"gradients/W_dec":{"values":[1,0,1,0,1,2,1,0,2,4,2,0,6,9,3,10,8,12,22,25,41,48,73,139,235,454,1041,2902,11675,124144,3.3554432e+07,1.4204247e+07,118466,10819,2631,960,471,273,102,57,64,33,26,14,8,9,2,8,8,2,2,1,1,0,1,0,0,1,0,0,1,0,0,3],"bins":[-3.109375,-3.009033203125,-2.90869140625,-2.808349609375,-2.7080078125,-2.607666015625,-2.50732421875,-2.406982421875,-2.306640625,-2.206298828125,-2.10595703125,-2.005615234375,-1.9052734375,-1.804931640625,-1.70458984375,-1.604248046875,-1.50390625,-1.403564453125,-1.30322265625,-1.202880859375,-1.1025390625,-1.002197265625,-0.90185546875,-0.801513671875,-0.701171875,-0.600830078125,-0.50048828125,-0.400146484375,-0.2998046875,-0.199462890625,-0.09912109375,0.001220703125,0.1015625,0.201904296875,0.30224609375,0.402587890625,0.5029296875,0.603271484375,0.70361328125,0.803955078125,0.904296875,1.004638671875,1.10498046875,1.205322265625,1.3056640625,1.406005859375,1.50634765625,1.606689453125,1.70703125,1.807373046875,1.90771484375,2.008056640625,2.1083984375,2.208740234375,2.30908203125,2.409423828125,2.509765625,2.610107421875,2.71044921875,2.810791015625,2.9111328125,3.011474609375,3.11181640625,3.212158203125,3.3125],"_type":"histogram"},"_timestamp":1.7602413106442742e+09,"l0_sparsity":360.63525390625,"sparsity_loss":1675.7576904296875,"dead_features":6219,"gradients/b_enc":{"bins":[-0.30859375,-0.2930908203125,-0.277587890625,-0.2620849609375,-0.24658203125,-0.2310791015625,-0.215576171875,-0.2000732421875,-0.1845703125,-0.1690673828125,-0.153564453125,-0.1380615234375,-0.12255859375,-0.1070556640625,-0.091552734375,-0.0760498046875,-0.060546875,-0.0450439453125,-0.029541015625,-0.0140380859375,0.00146484375,0.0169677734375,0.032470703125,0.0479736328125,0.0634765625,0.0789794921875,0.094482421875,0.1099853515625,0.12548828125,0.1409912109375,0.156494140625,0.1719970703125,0.1875,0.2030029296875,0.218505859375,0.2340087890625,0.24951171875,0.2650146484375,0.280517578125,0.2960205078125,0.3115234375,0.3270263671875,0.342529296875,0.3580322265625,0.37353515625,0.3890380859375,0.404541015625,0.4200439453125,0.435546875,0.4510498046875,0.466552734375,0.4820556640625,0.49755859375,0.5130615234375,0.528564453125,0.5440673828125,0.5595703125,0.5750732421875,0.590576171875,0.6060791015625,0.62158203125,0.6370849609375,0.652587890625,0.6680908203125,0.68359375],"_type":"histogram","values":[2,1,1,0,0,2,3,2,1,3,5,11,13,27,23,44,71,129,399,20461,9250,892,434,255,180,128,80,60,39,35,26,23,22,22,21,12,8,11,12,6,9,2,4,2,6,5,1,1,4,3,2,1,3,1,1,0,2,2,1,0,0,0,1,3]},"gradients/W_enc":{"_type":"histogram","values":[1,5,6,15,16,13,30,28,39,53,79,78,116,111,192,269,317,410,611,778,1007,1602,2395,3985,6613,11047,18516,32391,59215,116569,261301,768827,3.234679e+06,3.3554432e+07,2.7658056e+07,2.018174e+06,560877,214889,98826,53045,29309,17259,10431,6010,3649,2352,1547,1041,771,674,491,317,294,157,169,86,96,76,61,48,32,24,15,6],"bins":[-1.71875,-1.66796875,-1.6171875,-1.56640625,-1.515625,-1.46484375,-1.4140625,-1.36328125,-1.3125,-1.26171875,-1.2109375,-1.16015625,-1.109375,-1.05859375,-1.0078125,-0.95703125,-0.90625,-0.85546875,-0.8046875,-0.75390625,-0.703125,-0.65234375,-0.6015625,-0.55078125,-0.5,-0.44921875,-0.3984375,-0.34765625,-0.296875,-0.24609375,-0.1953125,-0.14453125,-0.09375,-0.04296875,0.0078125,0.05859375,0.109375,0.16015625,0.2109375,0.26171875,0.3125,0.36328125,0.4140625,0.46484375,0.515625,0.56640625,0.6171875,0.66796875,0.71875,0.76953125,0.8203125,0.87109375,0.921875,0.97265625,1.0234375,1.07421875,1.125,1.17578125,1.2265625,1.27734375,1.328125,1.37890625,1.4296875,1.48046875,1.53125]},"l1_coeff":0.8,"loss":3799.312255859375,"lr":5e-05,"_wandb":{"runtime":1409},"_step":12800,"recon_loss":2458.7060546875}