{"l1_coeff":2,"_wandb":{"runtime":569},"_timestamp":1.760245772129963e+09,"lr":5e-05,"sparsity_loss":4037.47021484375,"dead_features":0,"loss":14569.630859375,"W_dec_norm":362,"gradients/W_dec":{"_type":"histogram","values":[1,1,0,1,0,0,4,0,1,2,1,1,2,1,3,3,4,10,13,18,19,34,49,48,73,101,132,182,241,275,429,506,926,1233,2104,3875,9015,37192,3.3554432e+07,26343,7115,3072,1518,888,564,371,271,191,159,120,103,65,54,32,25,16,16,19,9,8,6,4,4,5],"bins":[-12.375,-12.052734375,-11.73046875,-11.408203125,-11.0859375,-10.763671875,-10.44140625,-10.119140625,-9.796875,-9.474609375,-9.15234375,-8.830078125,-8.5078125,-8.185546875,-7.86328125,-7.541015625,-7.21875,-6.896484375,-6.57421875,-6.251953125,-5.9296875,-5.607421875,-5.28515625,-4.962890625,-4.640625,-4.318359375,-3.99609375,-3.673828125,-3.3515625,-3.029296875,-2.70703125,-2.384765625,-2.0625,-1.740234375,-1.41796875,-1.095703125,-0.7734375,-0.451171875,-0.12890625,0.193359375,0.515625,0.837890625,1.16015625,1.482421875,1.8046875,2.126953125,2.44921875,2.771484375,3.09375,3.416015625,3.73828125,4.060546875,4.3828125,4.705078125,5.02734375,5.349609375,5.671875,5.994140625,6.31640625,6.638671875,6.9609375,7.283203125,7.60546875,7.927734375,8.25]},"gradients/W_enc":{"bins":[-6.53125,-6.33203125,-6.1328125,-5.93359375,-5.734375,-5.53515625,-5.3359375,-5.13671875,-4.9375,-4.73828125,-4.5390625,-4.33984375,-4.140625,-3.94140625,-3.7421875,-3.54296875,-3.34375,-3.14453125,-2.9453125,-2.74609375,-2.546875,-2.34765625,-2.1484375,-1.94921875,-1.75,-1.55078125,-1.3515625,-1.15234375,-0.953125,-0.75390625,-0.5546875,-0.35546875,-0.15625,0.04296875,0.2421875,0.44140625,0.640625,0.83984375,1.0390625,1.23828125,1.4375,1.63671875,1.8359375,2.03515625,2.234375,2.43359375,2.6328125,2.83203125,3.03125,3.23046875,3.4296875,3.62890625,3.828125,4.02734375,4.2265625,4.42578125,4.625,4.82421875,5.0234375,5.22265625,5.421875,5.62109375,5.8203125,6.01953125,6.21875],"_type":"histogram","values":[4,4,26,54,111,264,450,782,1636,2389,4817,6256,9388,13920,19801,25338,37371,51990,72850,95145,147905,220421,330963,509138,861595,1.388693e+06,2.50924e+06,4.396654e+06,8.113283e+06,1.4921106e+07,2.7269446e+07,3.3554432e+07,3.3554432e+07,3.3554432e+07,3.3554432e+07,2.054172e+07,1.1440138e+07,6.319485e+06,3.650235e+06,2.013451e+06,1.247088e+06,734121,488927,289533,214177,146376,104160,69829,55926,40330,28768,18664,13889,10365,5506,3615,2365,1068,592,228,95,34,8,4]},"gradients/b_dec":{"_type":"histogram","values":[1,0,4,2,0,1,2,7,4,5,4,10,15,20,19,24,30,47,51,70,97,110,158,202,272,398,497,565,725,848,949,882,782,658,512,345,254,159,121,87,60,59,49,15,17,17,16,9,8,6,4,4,6,3,1,1,1,0,0,0,0,1,1,1],"bins":[-0.7890625,-0.763916015625,-0.73876953125,-0.713623046875,-0.6884765625,-0.663330078125,-0.63818359375,-0.613037109375,-0.587890625,-0.562744140625,-0.53759765625,-0.512451171875,-0.4873046875,-0.462158203125,-0.43701171875,-0.411865234375,-0.38671875,-0.361572265625,-0.33642578125,-0.311279296875,-0.2861328125,-0.260986328125,-0.23583984375,-0.210693359375,-0.185546875,-0.160400390625,-0.13525390625,-0.110107421875,-0.0849609375,-0.059814453125,-0.03466796875,-0.009521484375,0.015625,0.040771484375,0.06591796875,0.091064453125,0.1162109375,0.141357421875,0.16650390625,0.191650390625,0.216796875,0.241943359375,0.26708984375,0.292236328125,0.3173828125,0.342529296875,0.36767578125,0.392822265625,0.41796875,0.443115234375,0.46826171875,0.493408203125,0.5185546875,0.543701171875,0.56884765625,0.593994140625,0.619140625,0.644287109375,0.66943359375,0.694580078125,0.7197265625,0.744873046875,0.77001953125,0.795166015625,0.8203125]},"recon_loss":6494.69091796875,"gradients/b_enc":{"values":[1,0,0,0,6,1,4,0,1,0,1,2,4,121,336,487,582,743,824,1081,1271,1713,2060,2019,2469,2440,2135,2229,1931,1851,1559,1142,1143,946,730,602,479,290,299,227,156,154,95,96,82,64,48,43,49,29,32,38,27,22,19,20,16,13,8,12,8,5,1,2],"bins":[-0.75390625,-0.60345458984375,-0.4530029296875,-0.30255126953125,-0.152099609375,-0.00164794921875,0.1488037109375,0.29925537109375,0.44970703125,0.60015869140625,0.7506103515625,0.90106201171875,1.051513671875,1.20196533203125,1.3524169921875,1.50286865234375,1.6533203125,1.80377197265625,1.9542236328125,2.10467529296875,2.255126953125,2.40557861328125,2.5560302734375,2.70648193359375,2.85693359375,3.00738525390625,3.1578369140625,3.30828857421875,3.458740234375,3.60919189453125,3.7596435546875,3.91009521484375,4.060546875,4.21099853515625,4.3614501953125,4.51190185546875,4.662353515625,4.81280517578125,4.9632568359375,5.11370849609375,5.26416015625,5.41461181640625,5.5650634765625,5.71551513671875,5.865966796875,6.01641845703125,6.1668701171875,6.31732177734375,6.4677734375,6.61822509765625,6.7686767578125,6.91912841796875,7.069580078125,7.22003173828125,7.3704833984375,7.52093505859375,7.67138671875,7.82183837890625,7.9722900390625,8.12274169921875,8.273193359375,8.42364501953125,8.5740966796875,8.72454833984375,8.875],"_type":"histogram"},"_runtime":569.185323207,"l0_sparsity":6175.95068359375,"_step":5100}