{"_timestamp":1.7602463227098634e+09,"_step":4900,"recon_loss":6350.1123046875,"W_dec_norm":362,"l1_coeff":2,"dead_features":0,"sparsity_loss":3766.46533203125,"loss":13883.04296875,"gradients/b_dec":{"values":[2,0,0,0,2,0,3,3,4,0,6,5,3,11,14,11,15,25,19,46,45,63,73,99,112,145,217,305,426,537,637,779,894,909,885,759,618,440,325,213,136,99,80,58,38,30,34,18,16,12,7,9,3,7,5,2,4,1,2,2,0,0,2,1],"bins":[-0.83203125,-0.80743408203125,-0.7828369140625,-0.75823974609375,-0.733642578125,-0.70904541015625,-0.6844482421875,-0.65985107421875,-0.63525390625,-0.61065673828125,-0.5860595703125,-0.56146240234375,-0.536865234375,-0.51226806640625,-0.4876708984375,-0.46307373046875,-0.4384765625,-0.41387939453125,-0.3892822265625,-0.36468505859375,-0.340087890625,-0.31549072265625,-0.2908935546875,-0.26629638671875,-0.24169921875,-0.21710205078125,-0.1925048828125,-0.16790771484375,-0.143310546875,-0.11871337890625,-0.0941162109375,-0.06951904296875,-0.044921875,-0.02032470703125,0.0042724609375,0.02886962890625,0.053466796875,0.07806396484375,0.1026611328125,0.12725830078125,0.15185546875,0.17645263671875,0.2010498046875,0.22564697265625,0.250244140625,0.27484130859375,0.2994384765625,0.32403564453125,0.3486328125,0.37322998046875,0.3978271484375,0.42242431640625,0.447021484375,0.47161865234375,0.4962158203125,0.52081298828125,0.54541015625,0.57000732421875,0.5946044921875,0.61920166015625,0.643798828125,0.66839599609375,0.6929931640625,0.71759033203125,0.7421875],"_type":"histogram"},"_runtime":534.187252542,"gradients/W_dec":{"bins":[-15.6875,-15.24609375,-14.8046875,-14.36328125,-13.921875,-13.48046875,-13.0390625,-12.59765625,-12.15625,-11.71484375,-11.2734375,-10.83203125,-10.390625,-9.94921875,-9.5078125,-9.06640625,-8.625,-8.18359375,-7.7421875,-7.30078125,-6.859375,-6.41796875,-5.9765625,-5.53515625,-5.09375,-4.65234375,-4.2109375,-3.76953125,-3.328125,-2.88671875,-2.4453125,-2.00390625,-1.5625,-1.12109375,-0.6796875,-0.23828125,0.203125,0.64453125,1.0859375,1.52734375,1.96875,2.41015625,2.8515625,3.29296875,3.734375,4.17578125,4.6171875,5.05859375,5.5,5.94140625,6.3828125,6.82421875,7.265625,7.70703125,8.1484375,8.58984375,9.03125,9.47265625,9.9140625,10.35546875,10.796875,11.23828125,11.6796875,12.12109375,12.5625],"_type":"histogram","values":[2,1,0,0,0,0,1,3,2,2,0,1,1,1,4,0,7,2,7,6,20,24,45,51,85,111,163,259,347,464,670,1279,2074,4347,17431,3.3554432e+07,20093,4416,1896,1015,606,396,231,215,137,81,61,36,35,22,12,9,10,10,3,2,1,1,1,0,1,0,0,1]},"lr":4.901e-05,"l0_sparsity":5620.70947265625,"gradients/b_enc":{"_type":"histogram","values":[1,3,3,2,0,0,2,1,1,85,433,853,1090,1161,1599,1942,2184,2588,2655,2691,2435,2324,1979,1703,1385,1138,911,729,599,453,348,250,223,145,117,125,89,76,47,47,40,46,28,37,15,26,15,28,10,16,15,14,9,10,10,11,4,1,5,5,1,3,1,1],"bins":[-0.279296875,-0.139190673828125,0.00091552734375,0.141021728515625,0.2811279296875,0.421234130859375,0.56134033203125,0.701446533203125,0.841552734375,0.981658935546875,1.12176513671875,1.261871337890625,1.4019775390625,1.542083740234375,1.68218994140625,1.822296142578125,1.96240234375,2.102508544921875,2.24261474609375,2.382720947265625,2.5228271484375,2.662933349609375,2.80303955078125,2.943145751953125,3.083251953125,3.223358154296875,3.36346435546875,3.503570556640625,3.6436767578125,3.783782958984375,3.92388916015625,4.063995361328125,4.2041015625,4.344207763671875,4.48431396484375,4.624420166015625,4.7645263671875,4.904632568359375,5.04473876953125,5.184844970703125,5.324951171875,5.465057373046875,5.60516357421875,5.745269775390625,5.8853759765625,6.025482177734375,6.16558837890625,6.305694580078125,6.44580078125,6.585906982421875,6.72601318359375,6.866119384765625,7.0062255859375,7.146331787109375,7.28643798828125,7.426544189453125,7.566650390625,7.706756591796875,7.84686279296875,7.986968994140625,8.1270751953125,8.267181396484375,8.40728759765625,8.547393798828125,8.6875]},"gradients/W_enc":{"_type":"histogram","values":[4,17,34,80,126,319,469,818,1400,2194,3944,5031,6852,10840,13679,19066,28555,36593,54161,70060,97288,148008,201548,286453,446999,703764,1.201933e+06,2.227892e+06,4.883935e+06,1.0542437e+07,2.3721512e+07,3.3554432e+07,3.3554432e+07,3.3554432e+07,3.3554432e+07,1.732538e+07,7.908709e+06,3.646655e+06,1.832535e+06,973738,624331,406238,273694,187298,130387,101580,67800,50421,40229,26842,21291,13836,9926,7652,4569,2932,1904,1139,676,314,113,46,13,3],"bins":[-6.34375,-6.150390625,-5.95703125,-5.763671875,-5.5703125,-5.376953125,-5.18359375,-4.990234375,-4.796875,-4.603515625,-4.41015625,-4.216796875,-4.0234375,-3.830078125,-3.63671875,-3.443359375,-3.25,-3.056640625,-2.86328125,-2.669921875,-2.4765625,-2.283203125,-2.08984375,-1.896484375,-1.703125,-1.509765625,-1.31640625,-1.123046875,-0.9296875,-0.736328125,-0.54296875,-0.349609375,-0.15625,0.037109375,0.23046875,0.423828125,0.6171875,0.810546875,1.00390625,1.197265625,1.390625,1.583984375,1.77734375,1.970703125,2.1640625,2.357421875,2.55078125,2.744140625,2.9375,3.130859375,3.32421875,3.517578125,3.7109375,3.904296875,4.09765625,4.291015625,4.484375,4.677734375,4.87109375,5.064453125,5.2578125,5.451171875,5.64453125,5.837890625,6.03125]},"_wandb":{"runtime":534}}