{"_timestamp":1.7602249921124957e+09,"_step":700,"loss":5526.28271484375,"recon_loss":4021.84521484375,"sparsity_loss":1504.4376220703125,"l0_sparsity":1426.931640625,"_wandb":{"runtime":32},"_runtime":32.489316754}