{"_runtime":1184.232282753,"gradients/b_enc":{"values":[30,375,30081,1089,464,242,155,98,64,45,24,26,22,11,8,9,2,4,4,2,2,1,3,2,1,0,0,0,1,0,0,0,0,0,0,0,0,1,0,0,0,1,0,0,0,0,0,0,0,0,0,0,0,0,0,0,0,0,0,0,0,0,0,1],"bins":[-0.05712890625,-0.03279876708984375,-0.0084686279296875,0.01586151123046875,0.040191650390625,0.06452178955078125,0.0888519287109375,0.11318206787109375,0.13751220703125,0.16184234619140625,0.1861724853515625,0.21050262451171875,0.234832763671875,0.25916290283203125,0.2834930419921875,0.30782318115234375,0.3321533203125,0.35648345947265625,0.3808135986328125,0.40514373779296875,0.429473876953125,0.45380401611328125,0.4781341552734375,0.5024642944335938,0.52679443359375,0.5511245727539062,0.5754547119140625,0.5997848510742188,0.624114990234375,0.6484451293945312,0.6727752685546875,0.6971054077148438,0.721435546875,0.7457656860351562,0.7700958251953125,0.7944259643554688,0.818756103515625,0.8430862426757812,0.8674163818359375,0.8917465209960938,0.91607666015625,0.9404067993164062,0.9647369384765625,0.9890670776367188,1.013397216796875,1.0377273559570312,1.0620574951171875,1.0863876342773438,1.1107177734375,1.1350479125976562,1.1593780517578125,1.1837081909179688,1.208038330078125,1.2323684692382812,1.2566986083984375,1.2810287475585938,1.30535888671875,1.3296890258789062,1.3540191650390625,1.3783493041992188,1.402679443359375,1.4270095825195312,1.4513397216796875,1.4756698608398438,1.5],"_type":"histogram"},"loss":4614.04296875,"sparsity_loss":1561.8673095703125,"gradients/b_dec":{"_type":"histogram","values":[1,0,2,0,1,1,1,3,1,2,3,1,5,5,10,9,9,17,21,30,44,53,78,95,128,203,215,364,480,611,696,807,815,829,780,692,600,411,313,242,181,120,74,63,44,32,30,24,21,14,10,5,6,0,5,0,1,1,1,2,2,0,0,2],"bins":[-0.408203125,-0.39569091796875,-0.3831787109375,-0.37066650390625,-0.358154296875,-0.34564208984375,-0.3331298828125,-0.32061767578125,-0.30810546875,-0.29559326171875,-0.2830810546875,-0.27056884765625,-0.258056640625,-0.24554443359375,-0.2330322265625,-0.22052001953125,-0.2080078125,-0.19549560546875,-0.1829833984375,-0.17047119140625,-0.157958984375,-0.14544677734375,-0.1329345703125,-0.12042236328125,-0.10791015625,-0.09539794921875,-0.0828857421875,-0.07037353515625,-0.057861328125,-0.04534912109375,-0.0328369140625,-0.02032470703125,-0.0078125,0.00469970703125,0.0172119140625,0.02972412109375,0.042236328125,0.05474853515625,0.0672607421875,0.07977294921875,0.09228515625,0.10479736328125,0.1173095703125,0.12982177734375,0.142333984375,0.15484619140625,0.1673583984375,0.17987060546875,0.1923828125,0.20489501953125,0.2174072265625,0.22991943359375,0.242431640625,0.25494384765625,0.2674560546875,0.27996826171875,0.29248046875,0.30499267578125,0.3175048828125,0.33001708984375,0.342529296875,0.35504150390625,0.3675537109375,0.38006591796875,0.392578125]},"recon_loss":3052.17578125,"l0_sparsity":453.86474609375,"gradients/W_dec":{"values":[3,3,2,2,1,2,6,10,9,14,10,27,28,26,34,41,78,111,134,169,246,345,531,811,1362,2668,5424,14179,56012,422342,9.146403e+06,3.3554432e+07,705559,78998,17958,6290,2830,1425,880,530,356,239,181,136,96,69,50,41,31,26,22,17,9,8,10,10,8,2,2,2,2,0,5,1],"bins":[-1.3125,-1.270263671875,-1.22802734375,-1.185791015625,-1.1435546875,-1.101318359375,-1.05908203125,-1.016845703125,-0.974609375,-0.932373046875,-0.89013671875,-0.847900390625,-0.8056640625,-0.763427734375,-0.72119140625,-0.678955078125,-0.63671875,-0.594482421875,-0.55224609375,-0.510009765625,-0.4677734375,-0.425537109375,-0.38330078125,-0.341064453125,-0.298828125,-0.256591796875,-0.21435546875,-0.172119140625,-0.1298828125,-0.087646484375,-0.04541015625,-0.003173828125,0.0390625,0.081298828125,0.12353515625,0.165771484375,0.2080078125,0.250244140625,0.29248046875,0.334716796875,0.376953125,0.419189453125,0.46142578125,0.503662109375,0.5458984375,0.588134765625,0.63037109375,0.672607421875,0.71484375,0.757080078125,0.79931640625,0.841552734375,0.8837890625,0.926025390625,0.96826171875,1.010498046875,1.052734375,1.094970703125,1.13720703125,1.179443359375,1.2216796875,1.263916015625,1.30615234375,1.348388671875,1.390625],"_type":"histogram"},"dead_features":12361,"gradients/W_enc":{"values":[1,1,1,3,2,4,13,11,12,19,21,37,45,58,89,135,217,304,400,629,889,1438,2427,4085,7816,16884,39369,118547,473078,2.47855e+06,3.3554432e+07,2.6357572e+07,1.939801e+06,379510,104943,39319,17006,8344,4742,2574,1663,1104,773,507,394,297,197,160,100,66,56,61,45,39,24,18,7,4,8,5,1,1,0,3],"bins":[-1.46875,-1.4212646484375,-1.373779296875,-1.3262939453125,-1.27880859375,-1.2313232421875,-1.183837890625,-1.1363525390625,-1.0888671875,-1.0413818359375,-0.993896484375,-0.9464111328125,-0.89892578125,-0.8514404296875,-0.803955078125,-0.7564697265625,-0.708984375,-0.6614990234375,-0.614013671875,-0.5665283203125,-0.51904296875,-0.4715576171875,-0.424072265625,-0.3765869140625,-0.3291015625,-0.2816162109375,-0.234130859375,-0.1866455078125,-0.13916015625,-0.0916748046875,-0.044189453125,0.0032958984375,0.05078125,0.0982666015625,0.145751953125,0.1932373046875,0.24072265625,0.2882080078125,0.335693359375,0.3831787109375,0.4306640625,0.4781494140625,0.525634765625,0.5731201171875,0.62060546875,0.6680908203125,0.715576171875,0.7630615234375,0.810546875,0.8580322265625,0.905517578125,0.9530029296875,1.00048828125,1.0479736328125,1.095458984375,1.1429443359375,1.1904296875,1.2379150390625,1.285400390625,1.3328857421875,1.38037109375,1.4278564453125,1.475341796875,1.5228271484375,1.5703125],"_type":"histogram"},"_step":10700,"_timestamp":1.760229592001832e+09,"_wandb":{"runtime":1184}}