{"_wandb":{"runtime":2231},"_step":9500,"_runtime":2231.906672269,"stats/W_dec_norm":27.02379608154297,"gradients/b_dec":{"_type":"histogram","values":[1,0,0,2,3,0,0,1,2,0,2,5,2,4,2,6,3,10,9,15,23,45,52,72,93,119,154,168,226,277,336,380,387,440,504,498,523,490,519,510,514,438,352,339,321,287,242,197,163,124,102,64,59,35,34,19,13,10,7,0,5,4,0,4],"bins":[-0.16846001148223877,-0.16399048268795013,-0.1595209389925003,-0.15505141019821167,-0.15058188140392303,-0.1461123526096344,-0.14164280891418457,-0.13717328011989594,-0.1327037513256073,-0.12823420763015747,-0.12376467883586884,-0.1192951500415802,-0.11482561379671097,-0.11035608500242233,-0.1058865487575531,-0.10141701996326447,-0.09694748371839523,-0.092477947473526,-0.08800841867923737,-0.08353888243436813,-0.0790693536400795,-0.07459981739521027,-0.07013028860092163,-0.0656607523560524,-0.061191219836473465,-0.05672168731689453,-0.0522521547973156,-0.047782622277736664,-0.04331308603286743,-0.0388435535132885,-0.034374020993709564,-0.02990448847413063,-0.025434955954551697,-0.020965423434972763,-0.01649589091539383,-0.012026356533169746,-0.007556824013590813,-0.0030872910283505917,0.0013822419568896294,0.00585177494212985,0.010321307927370071,0.014790840446949005,0.01926037296652794,0.023729907348752022,0.028199439868330956,0.03266897425055504,0.03713850677013397,0.041608039289712906,0.04607757180929184,0.05054710432887077,0.05501663684844971,0.05948616936802864,0.06395570188760757,0.0684252381324768,0.07289476692676544,0.07736430317163467,0.0818338394165039,0.08630336821079254,0.09077290445566177,0.09524243324995041,0.09971196949481964,0.10418149828910828,0.10865103453397751,0.11312056332826614,0.11759009957313538]},"stats/l0_sparsity":1000.87646484375,"stats/dead_features":1,"losses/loss":1671.611572265625,"hyperparams/l1_coeff":0.8,"losses/recon_loss":612.1640625,"gradients/W_enc":{"values":[2,1,0,2,1,1,0,1,7,7,7,6,13,15,28,33,53,103,191,346,862,2030,5309,12599,34016,126689,915739,2.96825152e+08,3.659048e+06,327642,69965,24064,10016,4544,2002,893,505,289,167,121,88,56,59,46,30,27,19,17,16,12,7,7,8,5,3,0,2,2,1,2,2,2,2,1],"bins":[-0.9796068072319031,-0.9442756772041321,-0.9089444875717163,-0.8736133575439453,-0.8382821679115295,-0.8029510378837585,-0.7676198482513428,-0.7322887182235718,-0.6969575881958008,-0.661626398563385,-0.626295268535614,-0.5909640789031982,-0.5556329488754272,-0.5203017592430115,-0.4849706292152405,-0.4496394693851471,-0.4143083095550537,-0.3789771497249603,-0.34364598989486694,-0.30831483006477356,-0.2729836702346802,-0.23765252530574799,-0.2023213803768158,-0.1669902205467224,-0.13165906071662903,-0.09632790088653564,-0.06099674850702286,-0.025665592402219772,0.009665563702583313,0.0449967198073864,0.08032787591218948,0.11565902829170227,0.15099024772644043,0.1863214075565338,0.2216525673866272,0.2569837272167206,0.29231488704681396,0.32764601707458496,0.36297717690467834,0.39830833673477173,0.4336394965648651,0.4689706563949585,0.5043017864227295,0.5396329760551453,0.5749641060829163,0.610295295715332,0.645626425743103,0.6809576153755188,0.7162887454032898,0.7516198754310608,0.7869510650634766,0.8222821950912476,0.8576133847236633,0.8929445147514343,0.9282757043838501,0.9636068344116211,0.9989379644393921,1.034269094467163,1.0696003437042236,1.1049314737319946,1.1402626037597656,1.1755937337875366,1.2109249830245972,1.2462561130523682,1.2815872430801392],"_type":"histogram"},"losses/preact_loss":119.7280546875,"losses/sparsity_loss":1174.6494140625,"gradients/log_threshold":{"bins":[-0.48987239599227905,-0.4820781946182251,-0.47428402304649353,-0.4664898216724396,-0.458695650100708,-0.45090144872665405,-0.4431072473526001,-0.43531307578086853,-0.4275188744068146,-0.4197246730327606,-0.41193050146102905,-0.4041363000869751,-0.39634209871292114,-0.3885479271411896,-0.3807537257671356,-0.37295955419540405,-0.3651653528213501,-0.35737115144729614,-0.3495769798755646,-0.3417827785015106,-0.33398860692977905,-0.3261944055557251,-0.31840020418167114,-0.3106060326099396,-0.3028118312358856,-0.29501762986183167,-0.2872234582901001,-0.27942925691604614,-0.2716350555419922,-0.2638408839702606,-0.25604668259620667,-0.2482524961233139,-0.24045830965042114,-0.23266412317752838,-0.22486993670463562,-0.21707575023174286,-0.2092815488576889,-0.20148736238479614,-0.19369317591190338,-0.18589898943901062,-0.17810478806495667,-0.1703106015920639,-0.16251641511917114,-0.15472222864627838,-0.14692802727222443,-0.13913384079933167,-0.1313396543264389,-0.12354546040296555,-0.11575127393007278,-0.10795708000659943,-0.10016289353370667,-0.0923686996102333,-0.08457451313734055,-0.07678031921386719,-0.06898613274097443,-0.06119193881750107,-0.05339775234460831,-0.04560355842113495,-0.03780937194824219,-0.03001517988741398,-0.02222098968923092,-0.01442679949104786,-0.0066326092928647995,0.0011615809053182602,0.00895577110350132],"_type":"histogram","values":[6,3,3,7,3,9,5,2,5,8,5,6,14,13,15,27,16,32,30,32,32,50,55,69,79,96,89,96,107,131,159,173,175,184,261,278,316,368,373,448,507,598,692,774,971,1239,1510,1765,1937,2009,2014,2341,2745,2346,1609,945,567,380,316,343,413,471,2178,318]},"_timestamp":1.7603100638132443e+09,"gradients/b_enc":{"values":[3,1,8,4,8,14,15,17,49,1078,25430,4016,680,381,267,169,138,94,76,52,68,36,26,26,13,20,15,7,10,2,3,5,3,5,5,3,2,4,0,1,3,2,1,0,0,2,0,0,2,2,0,0,0,0,0,0,0,0,0,0,1,0,0,1],"bins":[-0.03675181418657303,-0.033404067158699036,-0.030056318268179893,-0.02670856937766075,-0.02336082234978676,-0.020013075321912766,-0.016665326431393623,-0.013317578472197056,-0.009969830513000488,-0.006622082553803921,-0.003274334594607353,7.341336458921432e-05,0.003421161323785782,0.006768909282982349,0.010116657242178917,0.013464405201375484,0.016812153160572052,0.020159900188446045,0.023507649078965187,0.02685539796948433,0.030203144997358322,0.033550892025232315,0.036898642778396606,0.0402463898062706,0.04359413683414459,0.046941883862018585,0.05028963088989258,0.05363738164305687,0.05698512867093086,0.060332875698804855,0.06368062645196915,0.06702837347984314,0.07037611305713654,0.07372386008501053,0.07707160711288452,0.08041935414075851,0.08376710116863251,0.0871148556470871,0.09046260267496109,0.09381034970283508,0.09715809673070908,0.10050584375858307,0.10385359078645706,0.10720133781433105,0.11054909229278564,0.11389683932065964,0.11724458634853363,0.12059233337640762,0.12394008040428162,0.1272878348827362,0.1306355744600296,0.1339833289384842,0.1373310685157776,0.14067882299423218,0.14402656257152557,0.14737431704998016,0.15072205662727356,0.15406981110572815,0.15741756558418274,0.16076530516147614,0.16411305963993073,0.16746079921722412,0.1708085536956787,0.1741562932729721,0.1775040477514267],"_type":"histogram"},"gradients/W_dec":{"values":[1,0,0,1,2,2,6,11,17,28,43,45,105,114,224,343,510,778,1316,2157,3479,5617,9149,15087,25090,43530,77238,149223,323289,848046,2.867066e+06,1.2020211e+07,4.7700984e+07,1.14630888e+08,8.6893168e+07,2.7254806e+07,6.430549e+06,1.654082e+06,546354,229038,112244,60872,34913,20309,12095,7232,4464,2750,1690,1049,667,401,268,173,98,65,37,22,19,13,5,4,1,2],