{"_step":1100,"_wandb":{"runtime":213},"gradients/W_dec":{"_type":"histogram","values":[1,1,0,2,1,3,3,5,14,18,26,21,55,57,116,159,269,405,640,998,1638,2934,6038,14644,40885,117760,344626,995369,2.752706e+06,7.002521e+06,1.5684531e+07,2.9871154e+07,4.7307768e+07,5.954096e+07,5.5929212e+07,4.0061852e+07,2.3350312e+07,1.1369176e+07,4.812857e+06,1.825713e+06,637345,210298,68004,22403,8103,3579,1792,1083,660,408,236,154,98,67,36,31,23,9,3,7,2,2,1,1],"bins":[-0.41506895422935486,-0.40277209877967834,-0.39047524333000183,-0.3781783878803253,-0.3658815324306488,-0.3535846769809723,-0.3412878215312958,-0.32899096608161926,-0.31669414043426514,-0.3043972849845886,-0.2921004295349121,-0.2798035740852356,-0.2675067186355591,-0.25520986318588257,-0.24291300773620605,-0.23061615228652954,-0.21831929683685303,-0.2060224413871765,-0.1937255859375,-0.1814287304878235,-0.16913187503814697,-0.15683503448963165,-0.14453817903995514,-0.13224132359027863,-0.11994446814060211,-0.1076476126909256,-0.09535075724124908,-0.08305390924215317,-0.07075705379247665,-0.05846019834280014,-0.046163346618413925,-0.03386649489402771,-0.021569669246673584,-0.00927281565964222,0.003024037927389145,0.01532089151442051,0.027617745101451874,0.03991460055112839,0.0522114522755146,0.06450830399990082,0.07680515944957733,0.08910201489925385,0.10139887034893036,0.11369571834802628,0.1259925663471222,0.1382894217967987,0.15058627724647522,0.16288313269615173,0.17517998814582825,0.18747684359550476,0.19977369904518127,0.2120705544948578,0.2243674099445343,0.23666425049304962,0.24896110594272614,0.26125797629356384,0.27355480194091797,0.2858516573905945,0.298148512840271,0.3104453682899475,0.322742223739624,0.33503907918930054,0.34733593463897705,0.35963279008865356,0.3719296455383301]},"l0_sparsity":6752.474609375,"gradients/b_enc":{"values":[1,0,4,7,4,6,12,14,21,40,39,60,89,144,176,249,315,408,528,652,771,987,1136,1271,1372,1572,1700,1851,1918,1937,1869,1785,1706,1569,1427,1262,1091,948,820,621,519,449,375,254,210,173,112,65,58,58,40,25,16,9,7,5,5,3,0,0,1,1,0,1],"bins":[-0.0069517032243311405,-0.006678326521068811,-0.006404949352145195,-0.006131572648882866,-0.005858195945620537,-0.00558481877669692,-0.005311442073434591,-0.005038064904510975,-0.004764688201248646,-0.004491311497986317,-0.0042179343290627,-0.003944557625800371,-0.0036711806897073984,-0.0033978037536144257,-0.0031244270503520966,-0.002851050114259124,-0.002577673178166151,-0.0023042962420731783,-0.0020309193059802055,-0.0017575426027178764,-0.0014841656666249037,-0.001210788730531931,-0.00093741191085428,-0.0006640350329689682,-0.0003906581550836563,-0.00011728127719834447,0.00015609560068696737,0.0004294724785722792,0.0007028493564575911,0.0009762262343429029,0.0012496031122282147,0.0015229799319058657,0.0017963573336601257,0.0020697342697530985,0.0023431112058460712,0.0026164879091084003,0.002889864845201373,0.003163241781294346,0.003436618484556675,0.0037099954206496477,0.0039833723567426205,0.00425674906000495,0.004530126228928566,0.004803502932190895,0.005076879635453224,0.005350256804376841,0.00562363350763917,0.005897010676562786,0.006170387379825115,0.006443764083087444,0.006717141252011061,0.00699051795527339,0.007263895124197006,0.007537271827459335,0.007810648530721664,0.008084025233983994,0.008357401937246323,0.008630779571831226,0.008904156275093555,0.009177532978355885,0.009450909681618214,0.009724286384880543,0.009997664019465446,0.010271040722727776,0.010544417425990105],"_type":"histogram"},"dead_features":0,"gradients/W_enc":{"bins":[-0.05138679966330528,-0.04945641756057739,-0.0475260391831398,-0.04559565708041191,-0.04366527497768402,-0.04173489660024643,-0.03980451449751854,-0.03787413239479065,-0.03594375401735306,-0.03401337191462517,-0.03208298981189728,-0.030152609571814537,-0.028222229331731796,-0.026291847229003906,-0.024361466988921165,-0.022431084886193275,-0.020500704646110535,-0.018570324406027794,-0.016639942303299904,-0.014709562063217163,-0.012779180891811848,-0.010848799720406532,-0.008918419480323792,-0.006988038308918476,-0.005057657137513161,-0.003127276198938489,-0.0011968952603638172,0.0007334856782108545,0.0026638666167855263,0.004594247788190842,0.00652462849393487,0.008455009199678898,0.010385394096374512,0.012315775267779827,0.014246156439185143,0.016176536679267883,0.018106918781995773,0.020037299022078514,0.021967679262161255,0.023898061364889145,0.025828441604971886,0.027758821845054626,0.029689203947782516,0.031619586050510406,0.033549964427948,0.03548034653067589,0.03741072863340378,0.03934110701084137,0.04127148911356926,0.04320187121629715,0.04513224959373474,0.04706263169646263,0.04899301379919052,0.05092339217662811,0.052853774279356,0.05478415638208389,0.056714534759521484,0.058644916862249374,0.060575298964977264,0.06250567734241486,0.06443606317043304,0.06636644154787064,0.06829681992530823,0.07022720575332642,0.07215758413076401],"_type":"histogram","values":[1,2,4,8,16,28,36,66,109,174,262,428,669,1064,1782,2868,4642,7216,11292,17904,28540,46984,95739,447344,5.687826e+06,5.3694496e+07,1.50958848e+08,7.921092e+07,1.0562273e+07,835145,148593,66343,40066,27599,20035,15264,12169,9471,7446,6025,4662,3635,2750,2184,1603,1126,849,579,422,334,246,157,118,64,39,35,17,13,9,5,3,4,1,1]},"l1_coeff":0.352,"recon_loss":957.6802368164062,"_timestamp":1.7602942618514423e+09,"_runtime":213.303395527,"loss":2002.27685546875,"lr":1.1010000000000001e-05,"gradients/b_dec":{"values":[3,0,2,1,3,5,3,3,6,13,10,19,13,24,34,58,54,73,100,106,129,232,206,260,301,328,359,392,410,490,447,483,445,464,471,410,464,376,310,288,233,232,203,144,140,118,83,59,67,34,29,25,15,14,3,7,4,5,4,0,0,1,0,1],"bins":[-0.1321011185646057,-0.12798061966896057,-0.12386012077331543,-0.11973962932825089,-0.11561913043260574,-0.1114986315369606,-0.10737813264131546,-0.10325763374567032,-0.09913714230060577,-0.09501664340496063,-0.09089614450931549,-0.08677564561367035,-0.08265514671802521,-0.07853464782238007,-0.07441415637731552,-0.07029365748167038,-0.06617315858602524,-0.062052659690380096,-0.05793216452002525,-0.05381166562438011,-0.04969117045402527,-0.04557067155838013,-0.041450172662734985,-0.03732967749238014,-0.033209178596735,-0.029088681563735008,-0.024968184530735016,-0.020847685635089874,-0.016727188602089882,-0.01260669156908989,-0.008486193604767323,-0.004365696106106043,-0.0002451986074447632,0.0038752988912165165,0.007995796389877796,0.012116294354200363,0.016236791387200356,0.020357288420200348,0.02447778731584549,0.028598284348845482,0.032718781381845474,0.036839280277490616,0.04095977544784546,0.0450802743434906,0.04920077323913574,0.053321268409490585,0.05744176730513573,0.06156226247549057,0.06568276137113571,0.06980326026678085,0.073923759162426,0.07804425060749054,0.08216474950313568,0.08628524839878082,0.09040574729442596,0.0945262461900711,0.09864674508571625,0.10276723653078079,0.10688773542642593,0.11100823432207108,0.11512873321771622,0.11924923211336136,0.1233697235584259,0.12749022245407104,0.1316107213497162],"_type":"histogram"},"sparsity_loss":2967.60400390625,"W_dec_norm":14.899438858032227}